Num timestep,mean reward,,
,,,
3000,171.818333,,328.5241666
,,,
4000,171.818333,,
,,,
5000,119.6766665,,
,,,
6000,119.6766665,,
,,,
7000,119.6766665,,
,,,
8000,118.4294443,,
,,,
9000,118.4294443,,
,,,
10000,111.4825,,
,,,
11000,111.4825,,
,,,
12000,111.4825,,
,,,
13000,129.689,,
,,,
14000,129.689,,
,,,
15000,73.33277783,,
,,,
16000,73.33277783,,
,,,
17000,73.33277783,,
,,,
18000,78.84404771,,
,,,
19000,78.84404771,,
,,,
20000,78.84404771,,
,,,
21000,89.76354175,,
,,,
22000,89.76354175,,
,,,
23000,93.50481489,,
,,,
24000,93.50481489,,
,,,
25000,93.50481489,,
,,,
26000,105.8593334,,
,,,
27000,105.8593334,,
,,,
28000,106.284697,,
,,,
29000,106.284697,,
,,,
30000,106.284697,,
,,,
31000,117.3169445,,
,,,
32000,117.3169445,,
,,,
33000,117.3169445,,
,,,
34000,126.2162821,,
,,,
35000,126.2162821,,
,,,
36000,126.2162821,,
,,,
37000,130.8675,,
,,,
38000,130.8675,,
,,,
39000,135.474,,
,,,
40000,135.474,,
,,,
41000,135.474,,
,,,
42000,130.4721875,,
,,,
43000,130.4721875,,
,,,
44000,130.4721875,,
,,,
45000,129.1746078,,
,,,
46000,129.1746078,,
,,,
47000,133.6624074,,
,,,
48000,133.6624074,,
,,,
49000,133.6624074,,
,,,
50000,137.7203508,,
,,,
51000,137.7203508,,
,,,
52000,137.7203508,,
,,,
53000,135.7022499,,
,,,
54000,135.7022499,,
,,,
55000,135.7022499,,
,,,
56000,140.670238,,
,,,
57000,140.670238,,
,,,
58000,142.9744696,,
,,,
59000,142.9744696,,
,,,
60000,142.9744696,,
,,,
61000,146.1272463,,
,,,
62000,146.1272463,,
,,,
63000,146.1272463,,
,,,
64000,148.9324999,,
,,,
65000,148.9324999,,
,,,
66000,148.9324999,,
,,,
67000,154.9184666,,
,,,
68000,154.9184666,,
,,,
69000,156.6097435,,
,,,
70000,156.6097435,,
,,,
71000,156.6097435,,
,,,
72000,153.5952469,,
,,,
73000,153.5952469,,
,,,
74000,153.5952469,,
,,,
75000,151.9532142,,
,,,
76000,151.9532142,,
,,,
77000,151.7237356,,
,,,
78000,151.7237356,,
,,,
79000,151.7237356,,
,,,
80000,151.7237356,,
,,,
81000,152.6815555,,
,,,
82000,152.6815555,,
,,,
83000,150.2656988,,
,,,
84000,150.2656988,,
,,,
85000,150.2656988,,
,,,
86000,148.4188541,,
,,,
87000,148.4188541,,
,,,
88000,148.4188541,,
,,,
89000,149.5386868,,
,,,
90000,149.5386868,,
,,,
91000,150.9540686,,
,,,
92000,150.9540686,,
,,,
93000,150.9540686,,
,,,
94000,149.5319047,,
,,,
95000,149.5319047,,
,,,
96000,149.5319047,,
,,,
97000,145.1809721,,
,,,
98000,145.1809721,,
,,,
99000,145.1809721,,
,,,
100000,145.1809721,,
,,,
101000,149.3322972,,
,,,
102000,149.3322972,,
,,,
103000,149.6492982,,
,,,
104000,149.6492982,,
,,,
105000,149.6492982,,
,,,
106000,151.8661538,,
,,,
107000,151.8661538,,
,,,
108000,151.8661538,,
,,,
109000,147.6479583,,
,,,
110000,147.6479583,,
,,,
111000,147.6479583,,
,,,
112000,147.8307723,,
,,,
113000,147.8307723,,
,,,
114000,145.8793253,,
,,,
115000,145.8793253,,
,,,
116000,145.8793253,,
,,,
117000,146.3589534,,
,,,
118000,146.3589534,,
,,,
119000,146.3589534,,
,,,
120000,147.234356,,
,,,
121000,147.234356,,
,,,
122000,147.234356,,
,,,
123000,147.234356,,
,,,
124000,149.7124073,,
,,,
125000,149.7124073,,
,,,
126000,149.7124073,,
,,,
127000,150.6886956,,
,,,
128000,150.6886956,,
,,,
129000,150.6886956,,
,,,
130000,153.7739716,,
,,,
131000,153.7739716,,
,,,
132000,153.7739716,,
,,,
133000,153.7739716,,
,,,
134000,157.4382291,,
,,,
135000,157.4382291,,
,,,
136000,157.4382291,,
,,,
137000,158.5759523,,
,,,
138000,158.5759523,,
,,,
139000,159.4882666,,
,,,
140000,159.4882666,,
,,,
141000,159.4882666,,
,,,
142000,159.4882666,,
,,,
143000,161.0094666,,
,,,
144000,161.0094666,,
,,,
145000,161.0094666,,
,,,
146000,160.0771,,
,,,
147000,160.0771,,
,,,
148000,160.0771,,
,,,
149000,156.8397333,,
,,,
150000,156.8397333,,
,,,
151000,156.8397333,,
,,,
152000,158.8690666,,
,,,
153000,158.8690666,,
,,,
154000,158.8690666,,
,,,
155000,159.1567666,,
,,,
156000,159.1567666,,
,,,
157000,159.1567666,,
,,,
158000,164.5677666,,
,,,
159000,164.5677666,,
,,,
160000,164.5677666,,
,,,
161000,164.5677666,,
,,,
162000,163.1451333,,
,,,
163000,163.1451333,,
,,,
164000,163.1451333,,
,,,
165000,162.7025333,,
,,,
166000,162.7025333,,
,,,
167000,162.7025333,,
,,,
168000,161.9125999,,
,,,
169000,161.9125999,,
,,,
170000,161.9125999,,
,,,
171000,161.9125999,,
,,,
172000,161.0394999,,
,,,
173000,161.0394999,,
,,,
174000,161.0394999,,
,,,
175000,161.5296333,,
,,,
176000,161.5296333,,
,,,
177000,161.5296333,,
,,,
178000,159.0788999,,
,,,
179000,159.0788999,,
,,,
180000,159.0788999,,
,,,
181000,156.5682666,,
,,,
182000,156.5682666,,
,,,
183000,156.5682666,,
,,,
184000,155.9431666,,
,,,
185000,155.9431666,,
,,,
186000,155.9431666,,
,,,
187000,153.2225666,,
,,,
188000,153.2225666,,
,,,
189000,153.2225666,,
,,,
190000,154.1991666,,
,,,
191000,154.1991666,,
,,,
192000,154.1991666,,
,,,
193000,154.1991666,,
,,,
194000,153.0351333,,
,,,
195000,153.0351333,,
,,,
196000,153.0351333,,
,,,
197000,150.0107666,,
,,,
198000,150.0107666,,
,,,
199000,134.0647,,
,,,
200000,134.0647,,
,,,
201000,134.0647,,
,,,
202000,134.0647,,
,,,
203000,136.7645,,
,,,
204000,136.7645,,
,,,
205000,136.7645,,
,,,
206000,133.0622666,,
,,,
207000,133.0622666,,
,,,
208000,133.0622666,,
,,,
209000,134.1917333,,
,,,
210000,134.1917333,,
,,,
211000,134.1917333,,
,,,
212000,134.7020667,,
,,,
213000,134.7020667,,
,,,
214000,134.7020667,,
,,,
215000,133.4678667,,
,,,
216000,133.4678667,,
,,,
217000,133.4678667,,
,,,
218000,130.5477667,,
,,,
219000,130.5477667,,
,,,
220000,130.5477667,,
,,,
221000,130.5477667,,
,,,
222000,131.8436,,
,,,
223000,131.8436,,
,,,
224000,131.8436,,
,,,
225000,124.3279667,,
,,,
226000,124.3279667,,
,,,
227000,124.3279667,,
,,,
228000,127.0084667,,
,,,
229000,127.0084667,,
,,,
230000,127.0084667,,
,,,
231000,127.0339667,,
,,,
232000,127.0339667,,
,,,
233000,127.0339667,,
,,,
234000,101.9125667,,
,,,
235000,101.9125667,,
,,,
236000,101.9125667,,
,,,
237000,101.9125667,,
,,,
238000,101.3586667,,
,,,
239000,101.3586667,,
,,,
240000,101.3586667,,
,,,
241000,98.12619998,,
,,,
242000,98.12619998,,
,,,
243000,98.12619998,,
,,,
244000,98.12619998,,
,,,
245000,98.12619998,,
,,,
246000,97.48123332,,
,,,
247000,97.48123332,,
,,,
248000,96.78086664,,
,,,
249000,96.78086664,,
,,,
250000,96.78086664,,
,,,
251000,96.78086664,,
,,,
252000,97.57959998,,
,,,
253000,97.57959998,,
,,,
254000,97.57959998,,
,,,
255000,101.6739333,,
,,,
256000,101.6739333,,
,,,
257000,101.6739333,,
,,,
258000,99.49396666,,
,,,
259000,99.49396666,,
,,,
260000,99.49396666,,
,,,
261000,99.49396666,,
,,,
262000,92.0007,,
,,,
263000,92.0007,,
,,,
264000,92.0007,,
,,,
265000,83.4461,,
,,,
266000,83.4461,,
,,,
267000,83.4461,,
,,,
268000,83.4461,,
,,,
269000,87.8231,,
,,,
270000,87.8231,,
,,,
271000,87.8231,,
,,,
272000,87.08433334,,
,,,
273000,87.08433334,,
,,,
274000,87.08433334,,
,,,
275000,87.08433334,,
,,,
276000,84.23783334,,
,,,
277000,84.23783334,,
,,,
278000,84.23783334,,
,,,
279000,78.08883334,,
,,,
280000,78.08883334,,
,,,
281000,78.08883334,,
,,,
282000,78.08883334,,
,,,
283000,78.68023334,,
,,,
284000,78.68023334,,
,,,
285000,78.68023334,,
,,,
286000,67.26573334,,
,,,
287000,67.26573334,,
,,,
288000,67.26573334,,
,,,
289000,63.57216666,,
,,,
290000,63.57216666,,
,,,
291000,63.57216666,,
,,,
292000,63.57216666,,
,,,
293000,59.66806666,,
,,,
294000,59.66806666,,
,,,
295000,59.66806666,,
,,,
296000,49.49706666,,
,,,
297000,49.49706666,,
,,,
298000,49.49706666,,
,,,
299000,49.00989998,,
,,,
300000,49.00989998,,
,,,
301000,49.00989998,,
,,,
302000,47.7468333,,
,,,
303000,47.7468333,,
,,,
304000,47.7468333,,
,,,
305000,47.7468333,,
,,,
306000,46.49209998,,
,,,
307000,46.49209998,,
,,,
308000,50.04976664,,
,,,
309000,50.04976664,,
,,,
310000,50.04976664,,
,,,
311000,50.04976664,,
,,,
312000,49.87796664,,
,,,
313000,49.87796664,,
,,,
314000,49.87796664,,
,,,
315000,49.44549998,,
,,,
316000,49.44549998,,
,,,
317000,49.44549998,,
,,,
318000,49.44549998,,
,,,
319000,46.16509998,,
,,,
320000,46.16509998,,
,,,
321000,46.16509998,,
,,,
322000,46.16509998,,
,,,
323000,45.54476664,,
,,,
324000,45.54476664,,
,,,
325000,-3.23743336,,
,,,
326000,-3.23743336,,
,,,
327000,-3.23743336,,
,,,
328000,-4.94763336,,
,,,
329000,-4.94763336,,
,,,
330000,-4.94763336,,
,,,
331000,-2.76280002,,
,,,
332000,-2.76280002,,
,,,
333000,-2.76280002,,
,,,
334000,-1.89306668,,
,,,
335000,-1.89306668,,
,,,
336000,-1.89306668,,
,,,
337000,-1.89306668,,
,,,
338000,-4.01513334,,
,,,
339000,-4.01513334,,
,,,
340000,-4.01513334,,
,,,
341000,-3.22026668,,
,,,
342000,-3.22026668,,
,,,
343000,-3.22026668,,
,,,
344000,-0.24546668,,
,,,
345000,-0.24546668,,
,,,
346000,-0.24546668,,
,,,
347000,-0.0929,,
,,,
348000,-0.0929,,
,,,
349000,-0.0929,,
,,,
350000,3.3291,,
,,,
351000,3.3291,,
,,,
352000,3.3291,,
,,,
353000,3.3291,,
,,,
354000,5.6241,,
,,,
355000,5.6241,,
,,,
356000,5.6241,,
,,,
357000,5.3967,,
,,,
358000,5.3967,,
,,,
359000,5.3967,,
,,,
360000,5.67516666,,
,,,
361000,5.67516666,,
,,,
362000,5.67516666,,
,,,
363000,5.67516666,,
,,,
364000,19.3586,,
,,,
365000,19.3586,,
,,,
366000,19.3586,,
,,,
367000,16.0465,,
,,,
368000,16.0465,,
,,,
369000,16.0465,,
,,,
370000,19.44963334,,
,,,
371000,19.44963334,,
,,,
372000,19.44963334,,
,,,
373000,19.44963334,,
,,,
374000,14.3907,,
,,,
375000,14.3907,,
,,,
376000,14.3907,,
,,,
377000,8.65966666,,
,,,
378000,8.65966666,,
,,,
379000,8.65966666,,
,,,
380000,8.65966666,,
,,,
381000,5.3072,,
,,,
382000,5.3072,,
,,,
383000,5.3072,,
,,,
384000,2.7051,,
,,,
385000,2.7051,,
,,,
386000,2.7051,,
,,,
387000,2.7051,,
,,,
388000,-2.4395,,
,,,
389000,-2.4395,,
,,,
390000,-2.4395,,
,,,
391000,8.24696666,,
,,,
392000,8.24696666,,
,,,
393000,8.24696666,,
,,,
394000,-2.1365,,
,,,
395000,-2.1365,,
,,,
396000,-2.1365,,
,,,
397000,-5.9802,,
,,,
398000,-5.9802,,
,,,
399000,-5.9802,,
,,,
400000,14.30453334,,
,,,
401000,14.30453334,,
,,,
402000,14.30453334,,
,,,
403000,14.30453334,,
,,,
404000,18.65473334,,
,,,
405000,18.65473334,,
,,,
406000,18.65473334,,
,,,
407000,13.82290002,,
,,,
408000,13.82290002,,
,,,
409000,13.82290002,,
,,,
410000,13.82290002,,
,,,
411000,14.94820002,,
,,,
412000,14.94820002,,
,,,
413000,14.94820002,,
,,,
414000,14.94820002,,
,,,
415000,14.30640002,,
,,,
416000,14.30640002,,
,,,
417000,14.30640002,,
,,,
418000,13.54716668,,
,,,
419000,13.54716668,,
,,,
420000,13.54716668,,
,,,
421000,11.81103334,,
,,,
422000,11.81103334,,
,,,
423000,11.81103334,,
,,,
424000,9.08253334,,
,,,
425000,9.08253334,,
,,,
426000,9.08253334,,
,,,
427000,9.08253334,,
,,,
428000,15.60643334,,
,,,
429000,15.60643334,,
,,,
430000,15.60643334,,
,,,
431000,20.84686666,,
,,,
432000,20.84686666,,
,,,
433000,20.84686666,,
,,,
434000,11.85343334,,
,,,
435000,11.85343334,,
,,,
436000,11.85343334,,
,,,
437000,11.85343334,,
,,,
438000,8.47266668,,
,,,
439000,8.47266668,,
,,,
440000,8.47266668,,
,,,
441000,14.69466668,,
,,,
442000,14.69466668,,
,,,
443000,14.69466668,,
,,,
444000,14.69466668,,
,,,
445000,14.69466668,,
,,,
446000,21.10240002,,
,,,
447000,21.10240002,,
,,,
448000,21.10240002,,
,,,
449000,12.75766668,,
,,,
450000,12.75766668,,
,,,
451000,12.75766668,,
,,,
452000,15.49413334,,
,,,
453000,15.49413334,,
,,,
454000,15.49413334,,
,,,
455000,19.14326668,,
,,,
456000,19.14326668,,
,,,
457000,19.14326668,,
,,,
458000,19.14326668,,
,,,
459000,18.41153334,,
,,,
460000,18.41153334,,
,,,
461000,18.41153334,,
,,,
462000,18.41153334,,
,,,
463000,24.59480002,,
,,,
464000,24.59480002,,
,,,
465000,20.20930002,,
,,,
466000,20.20930002,,
,,,
467000,20.20930002,,
,,,
468000,20.20930002,,
,,,
469000,20.67663336,,
,,,
470000,20.67663336,,
,,,
471000,20.67663336,,
,,,
472000,18.05240002,,
,,,
473000,18.05240002,,
,,,
474000,18.05240002,,
,,,
475000,18.05240002,,
,,,
476000,15.09070002,,
,,,
477000,15.09070002,,
,,,
478000,15.09070002,,
,,,
479000,15.09070002,,
,,,
480000,18.73566668,,
,,,
481000,18.73566668,,
,,,
482000,18.73566668,,
,,,
483000,18.73566668,,
,,,
484000,20.84416668,,
,,,
485000,20.84416668,,
,,,
486000,20.84416668,,
,,,
487000,21.94636668,,
,,,
488000,21.94636668,,
,,,
489000,21.94636668,,
,,,
490000,21.94636668,,
,,,
491000,26.76420002,,
,,,
492000,26.76420002,,
,,,
493000,26.76420002,,
,,,
494000,76.80590002,,
,,,
495000,76.80590002,,
,,,
496000,76.80590002,,
,,,
497000,76.80590002,,
,,,
498000,82.02420002,,
,,,
499000,82.02420002,,
,,,
500000,82.02420002,,
,,,
501000,82.02420002,,
,,,
502000,78.26713336,,
,,,
503000,78.26713336,,
,,,
504000,78.26713336,,
,,,
505000,76.06066668,,
,,,
506000,76.06066668,,
,,,
507000,76.06066668,,
,,,
508000,76.06066668,,
,,,
509000,79.48373334,,
,,,
510000,79.48373334,,
,,,
511000,79.48373334,,
,,,
512000,74.68833334,,
,,,
513000,74.68833334,,
,,,
514000,74.68833334,,
,,,
515000,74.68833334,,
,,,
516000,73.34916666,,
,,,
517000,73.34916666,,
,,,
518000,73.34916666,,
,,,
519000,70.38976666,,
,,,
520000,70.38976666,,
,,,
521000,70.38976666,,
,,,
522000,70.38976666,,
,,,
523000,65.472,,
,,,
524000,65.472,,
,,,
525000,65.472,,
,,,
526000,65.472,,
,,,
527000,63.04713334,,
,,,
528000,63.04713334,,
,,,
529000,63.04713334,,
,,,
530000,66.9826,,
,,,
531000,66.9826,,
,,,
532000,66.9826,,
,,,
533000,66.9826,,
,,,
534000,67.4266,,
,,,
535000,67.4266,,
,,,
536000,67.4266,,
,,,
537000,61.43436666,,
,,,
538000,61.43436666,,
,,,
539000,61.43436666,,
,,,
540000,64.74003334,,
,,,
541000,64.74003334,,
,,,
542000,64.74003334,,
,,,
543000,64.74003334,,
,,,
544000,58.15276668,,
,,,
545000,58.15276668,,
,,,
546000,58.15276668,,
,,,
547000,58.15276668,,
,,,
548000,65.58286668,,
,,,
549000,65.58286668,,
,,,
550000,65.58286668,,
,,,
551000,68.69190002,,
,,,
552000,68.69190002,,
,,,
553000,68.69190002,,
,,,
554000,68.69190002,,
,,,
555000,71.30730002,,
,,,
556000,71.30730002,,
,,,
557000,71.30730002,,
,,,
558000,71.55300002,,
,,,
559000,71.55300002,,
,,,
560000,71.55300002,,
,,,
561000,75.47340002,,
,,,
562000,75.47340002,,
,,,
563000,75.47340002,,
,,,
564000,75.47340002,,
,,,
565000,73.46750002,,
,,,
566000,73.46750002,,
,,,
567000,73.46750002,,
,,,
568000,76.15363336,,
,,,
569000,76.15363336,,
,,,
570000,76.15363336,,
,,,
571000,79.99400004,,
,,,
572000,79.99400004,,
,,,
573000,79.99400004,,
,,,
574000,79.99400004,,
,,,
575000,86.07490004,,
,,,
576000,86.07490004,,
,,,
577000,86.07490004,,
,,,
578000,86.07490004,,
,,,
579000,77.39440004,,
,,,
580000,77.39440004,,
,,,
581000,77.39440004,,
,,,
582000,86.9780667,,
,,,
583000,86.9780667,,
,,,
584000,86.9780667,,
,,,
585000,86.9780667,,
,,,
586000,82.67760004,,
,,,
587000,82.67760004,,
,,,
588000,82.67760004,,
,,,
589000,85.77013338,,
,,,
590000,85.77013338,,
,,,
591000,85.77013338,,
,,,
592000,85.77013338,,
,,,
593000,83.68433338,,
,,,
594000,83.68433338,,
,,,
595000,83.68433338,,
,,,
596000,83.53880006,,
,,,
597000,83.53880006,,
,,,
598000,83.53880006,,
,,,
599000,83.53880006,,
,,,
600000,78.81296672,,
,,,
601000,78.81296672,,
,,,
602000,78.81296672,,
,,,
603000,79.27016672,,
,,,
604000,79.27016672,,
,,,
605000,79.27016672,,
,,,
606000,74.05776672,,
,,,
607000,74.05776672,,
,,,
608000,74.05776672,,
,,,
609000,74.05776672,,
,,,
610000,79.75923338,,
,,,
611000,79.75923338,,
,,,
612000,79.75923338,,
,,,
613000,87.28630004,,
,,,
614000,87.28630004,,
,,,
615000,87.28630004,,
,,,
616000,87.28630004,,
,,,
617000,87.13260004,,
,,,
618000,87.13260004,,
,,,
619000,87.13260004,,
,,,
620000,87.13260004,,
,,,
621000,87.66383338,,
,,,
622000,87.66383338,,
,,,
623000,87.66383338,,
,,,
624000,87.66383338,,
,,,
625000,94.34823338,,
,,,
626000,94.34823338,,
,,,
627000,94.34823338,,
,,,
628000,100.5779,,
,,,
629000,100.5779,,
,,,
630000,100.5779,,
,,,
631000,100.5779,,
,,,
632000,97.03940004,,
,,,
633000,97.03940004,,
,,,
634000,97.03940004,,
,,,
635000,97.62520004,,
,,,
636000,97.62520004,,
,,,
637000,97.62520004,,
,,,
638000,97.62520004,,
,,,
639000,97.62520004,,
,,,
640000,99.60540004,,
,,,
641000,99.60540004,,
,,,
642000,99.60540004,,
,,,
643000,100.6130334,,
,,,
644000,100.6130334,,
,,,
645000,100.6130334,,
,,,
646000,100.7246667,,
,,,
647000,100.7246667,,
,,,
648000,100.7246667,,
,,,
649000,101.2618667,,
,,,
650000,101.2618667,,
,,,
651000,101.2618667,,
,,,
652000,101.9238667,,
,,,
653000,101.9238667,,
,,,
654000,101.9238667,,
,,,
655000,101.9238667,,
,,,
656000,102.5259334,,
,,,
657000,102.5259334,,
,,,
658000,102.5259334,,
,,,
659000,102.5259334,,
,,,
660000,101.5520667,,
,,,
661000,101.5520667,,
,,,
662000,101.5520667,,
,,,
663000,103.3608667,,
,,,
664000,103.3608667,,
,,,
665000,103.3608667,,
,,,
666000,103.3608667,,
,,,
667000,95.82343338,,
,,,
668000,95.82343338,,
,,,
669000,95.82343338,,
,,,
670000,93.43176672,,
,,,
671000,93.43176672,,
,,,
672000,86.68533338,,
,,,
673000,86.68533338,,
,,,
674000,86.68533338,,
,,,
675000,86.68533338,,
,,,
676000,87.17063338,,
,,,
677000,87.17063338,,
,,,
678000,87.17063338,,
,,,
679000,80.46000006,,
,,,
680000,80.46000006,,
,,,
681000,80.46000006,,
,,,
682000,80.46000006,,
,,,
683000,74.3094334,,
,,,
684000,74.3094334,,
,,,
685000,74.3094334,,
,,,
686000,74.3094334,,
,,,
687000,74.71076674,,
,,,
688000,74.71076674,,
,,,
689000,74.71076674,,
,,,
690000,73.70363342,,
,,,
691000,73.70363342,,
,,,
692000,73.70363342,,
,,,
693000,73.70363342,,
,,,
694000,70.61850008,,
,,,
695000,70.61850008,,
,,,
696000,70.61850008,,
,,,
697000,68.9461334,,
,,,
698000,68.9461334,,
,,,
699000,68.9461334,,
,,,
700000,68.9461334,,
,,,
701000,69.90140006,,
,,,
702000,69.90140006,,
,,,
703000,69.90140006,,
,,,
704000,69.3128334,,
,,,
705000,69.3128334,,
,,,
706000,69.3128334,,
,,,
707000,69.3128334,,
,,,
708000,71.3938334,,
,,,
709000,71.3938334,,
,,,
710000,71.3938334,,
,,,
711000,71.3938334,,
,,,
712000,80.43940006,,
,,,
713000,80.43940006,,
,,,
714000,80.43940006,,
,,,
715000,73.67086672,,
,,,
716000,73.67086672,,
,,,
717000,73.67086672,,
,,,
718000,73.67086672,,
,,,
719000,78.36343338,,
,,,
720000,78.36343338,,
,,,
721000,78.36343338,,
,,,
722000,73.59733338,,
,,,
723000,73.59733338,,
,,,
724000,73.59733338,,
,,,
725000,73.59733338,,
,,,
726000,71.56383338,,
,,,
727000,71.56383338,,
,,,
728000,71.56383338,,
,,,
729000,73.06530004,,
,,,
730000,73.06530004,,
,,,
731000,73.06530004,,
,,,
732000,73.06530004,,
,,,
733000,75.10830004,,
,,,
734000,75.10830004,,
,,,
735000,75.10830004,,
,,,
736000,75.10830004,,
,,,
737000,70.22530004,,
,,,
738000,70.22530004,,
,,,
739000,70.22530004,,
,,,
740000,69.27860004,,
,,,
741000,69.27860004,,
,,,
742000,69.27860004,,
,,,
743000,69.27860004,,
,,,
744000,78.38123336,,
,,,
745000,78.38123336,,
,,,
746000,78.38123336,,
,,,
747000,74.78670002,,
,,,
748000,74.78670002,,
,,,
749000,74.78670002,,
,,,
750000,74.78670002,,
,,,
751000,76.00620002,,
,,,
752000,76.00620002,,
,,,
753000,76.00620002,,
,,,
754000,76.00620002,,
,,,
755000,80.19013336,,
,,,
756000,80.19013336,,
,,,
757000,80.19013336,,
,,,
758000,80.19013336,,
,,,
759000,81.07983336,,
,,,
760000,81.07983336,,
,,,
761000,81.07983336,,
,,,
762000,81.07983336,,
,,,
763000,81.44816668,,
,,,
764000,81.44816668,,
,,,
765000,81.44816668,,
,,,
766000,71.17816668,,
,,,
767000,71.17816668,,
,,,
768000,71.17816668,,
,,,
769000,71.17816668,,
,,,
770000,75.72753336,,
,,,
771000,75.72753336,,
,,,
772000,75.72753336,,
,,,
773000,75.72753336,,
,,,
774000,74.73756668,,
,,,
775000,74.73756668,,
,,,
776000,74.73756668,,
,,,
777000,81.39790002,,
,,,
778000,81.39790002,,
,,,
779000,81.39790002,,
,,,
780000,81.39790002,,
,,,
781000,83.89223336,,
,,,
782000,83.89223336,,
,,,
783000,83.89223336,,
,,,
784000,91.5013667,,
,,,
785000,91.5013667,,
,,,
786000,91.5013667,,
,,,
787000,91.86990004,,
,,,
788000,91.86990004,,
,,,
789000,91.86990004,,
,,,
790000,91.86990004,,
,,,
791000,91.86990004,,
,,,
792000,89.23683338,,
,,,
793000,89.23683338,,
,,,
794000,89.23683338,,
,,,
795000,89.23683338,,
,,,
796000,90.51510004,,
,,,
797000,90.51510004,,
,,,
798000,90.51510004,,
,,,
799000,89.05310004,,
,,,
800000,89.05310004,,
,,,
801000,89.05310004,,
,,,
802000,89.05310004,,
,,,
803000,87.08073338,,
,,,
804000,87.08073338,,
,,,
805000,87.08073338,,
,,,
806000,85.84893338,,
,,,
807000,85.84893338,,
,,,
808000,85.84893338,,
,,,
809000,85.84893338,,
,,,
810000,87.22640004,,
,,,
811000,87.22640004,,
,,,
812000,87.22640004,,
,,,
813000,85.48610004,,
,,,
814000,85.48610004,,
,,,
815000,85.48610004,,
,,,
816000,79.4192667,,
,,,
817000,79.4192667,,
,,,
818000,79.4192667,,
,,,
819000,79.4192667,,
,,,
820000,79.84483336,,
,,,
821000,79.84483336,,
,,,
822000,79.84483336,,
,,,
823000,79.84483336,,
,,,
824000,74.07186668,,
,,,
825000,74.07186668,,
,,,
826000,74.07186668,,
,,,
827000,74.84716668,,
,,,
828000,74.84716668,,
,,,
829000,74.84716668,,
,,,
830000,77.02733334,,
,,,
831000,77.02733334,,
,,,
832000,77.02733334,,
,,,
833000,77.02733334,,
,,,
834000,76.26280002,,
,,,
835000,76.26280002,,
,,,
836000,76.26280002,,
,,,
837000,75.80763334,,
,,,
838000,75.80763334,,
,,,
839000,75.80763334,,
,,,
840000,75.80763334,,
,,,
841000,74.25353334,,
,,,
842000,74.25353334,,
,,,
843000,74.25353334,,
,,,
844000,81.42026668,,
,,,
845000,81.42026668,,
,,,
846000,81.42026668,,
,,,
847000,81.42026668,,
,,,
848000,77.3697,,
,,,
849000,77.3697,,
,,,
850000,77.3697,,
,,,
851000,77.3697,,
,,,
852000,76.53343334,,
,,,
853000,76.53343334,,
,,,
854000,76.53343334,,
,,,
855000,76.53343334,,
,,,
856000,80.87663334,,
,,,
857000,80.87663334,,
,,,
858000,80.87663334,,
,,,
859000,80.87663334,,
,,,
860000,78.7047,,
,,,
861000,78.7047,,
,,,
862000,78.7047,,
,,,
863000,78.7047,,
,,,
864000,82.00476666,,
,,,
865000,82.00476666,,
,,,
866000,82.00476666,,
,,,
867000,84.58913332,,
,,,
868000,84.58913332,,
,,,
869000,84.58913332,,
,,,
870000,86.91239998,,
,,,
871000,86.91239998,,
,,,
872000,86.91239998,,
,,,
873000,86.91239998,,
,,,
874000,87.84319998,,
,,,
875000,87.84319998,,
,,,
876000,87.84319998,,
,,,
877000,87.84319998,,
,,,
878000,94.50886666,,
,,,
879000,94.50886666,,
,,,
880000,94.50886666,,
,,,
881000,94.50886666,,
,,,
882000,95.47266666,,
,,,
883000,95.47266666,,
,,,
884000,95.47266666,,
,,,
885000,95.47266666,,
,,,
886000,90.31883332,,
,,,
887000,90.31883332,,
,,,
888000,90.31883332,,
,,,
889000,87.76609998,,
,,,
890000,87.76609998,,
,,,
891000,87.76609998,,
,,,
892000,79.34186666,,
,,,
893000,79.34186666,,
,,,
894000,79.34186666,,
,,,
895000,81.6194,,
,,,
896000,81.6194,,
,,,
897000,81.6194,,
,,,
898000,81.6194,,
,,,
899000,81.6194,,
,,,
900000,77.53183334,,
,,,
901000,77.53183334,,
,,,
902000,77.53183334,,
,,,
903000,77.53183334,,
,,,
904000,78.89646668,,
,,,
905000,78.89646668,,
,,,
906000,78.89646668,,
,,,
907000,80.49680002,,
,,,
908000,80.49680002,,
,,,
909000,80.49680002,,
,,,
910000,80.49680002,,
,,,
911000,79.8645667,,
,,,
912000,79.8645667,,
,,,
913000,79.8645667,,
,,,
914000,79.8645667,,
,,,
915000,79.8645667,,
,,,
916000,82.6751667,,
,,,
917000,82.6751667,,
,,,
918000,82.6751667,,
,,,
919000,82.6751667,,
,,,
920000,81.9493667,,
,,,
921000,81.9493667,,
,,,
922000,81.9493667,,
,,,
923000,81.9493667,,
,,,
924000,81.84360004,,
,,,
925000,81.84360004,,
,,,
926000,81.84360004,,
,,,
927000,81.84360004,,
,,,
928000,79.74523338,,
,,,
929000,79.74523338,,
,,,
930000,79.74523338,,
,,,
931000,79.74523338,,
,,,
932000,82.12193338,,
,,,
933000,82.12193338,,
,,,
934000,82.12193338,,
,,,
935000,82.12193338,,
,,,
936000,73.13083338,,
,,,
937000,73.13083338,,
,,,
938000,73.13083338,,
,,,
939000,73.13083338,,
,,,
940000,73.13083338,,
,,,
941000,76.7390667,,
,,,
942000,76.7390667,,
,,,
943000,76.7390667,,
,,,
944000,76.7390667,,
,,,
945000,76.29660004,,
,,,
946000,76.29660004,,
,,,
947000,76.29660004,,
,,,
948000,76.29660004,,
,,,
949000,76.29660004,,
,,,
950000,78.73480004,,
,,,
951000,78.73480004,,
,,,
952000,78.73480004,,
,,,
953000,78.73480004,,
,,,
954000,88.54033338,,
,,,
955000,88.54033338,,
,,,
956000,88.54033338,,
,,,
957000,88.54033338,,
,,,
958000,88.54033338,,
,,,
959000,88.37570004,,
,,,
960000,88.37570004,,
,,,
961000,88.37570004,,
,,,
962000,88.37570004,,
,,,
963000,91.61150004,,
,,,
964000,91.61150004,,
,,,
965000,91.61150004,,
,,,
966000,89.49913336,,
,,,
967000,89.49913336,,
,,,
968000,89.49913336,,
,,,
969000,89.49913336,,
,,,
970000,90.10726668,,
,,,
971000,90.10726668,,
,,,
972000,90.10726668,,
,,,
973000,86.04336668,,
,,,
974000,86.04336668,,
,,,
975000,86.04336668,,
,,,
976000,86.04336668,,
,,,
977000,86.04336668,,
,,,
978000,91.2569,,
,,,
979000,91.2569,,
,,,
980000,91.2569,,
,,,
981000,89.71873332,,
,,,
982000,89.71873332,,
,,,
983000,89.71873332,,
,,,
984000,89.71873332,,
,,,
985000,89.71873332,,
,,,
986000,91.26963332,,
,,,
987000,91.26963332,,
,,,
988000,91.26963332,,
,,,
989000,92.09223332,,
,,,
990000,92.09223332,,
,,,
991000,92.09223332,,
,,,
992000,92.09223332,,
,,,
993000,92.09223332,,
,,,
994000,95.77593332,,
,,,
995000,95.77593332,,
,,,
996000,95.77593332,,
,,,
997000,95.77593332,,
,,,
998000,98.6732,,
,,,
999000,98.6732,,
,,,
1000000,98.6732,,
,,,
1001000,100.7265,,
,,,
1002000,100.7265,,
,,,
1003000,100.7265,,
,,,
1004000,100.7265,,
,,,
1005000,100.7265,,
,,,
1006000,99.84516666,,
,,,
1007000,99.84516666,,
,,,
1008000,99.84516666,,
,,,
1009000,99.84516666,,
,,,
1010000,102.2223,,
,,,
1011000,102.2223,,
,,,
1012000,102.2223,,
,,,
1013000,102.2223,,
,,,
1014000,106.1402667,,
,,,
1015000,106.1402667,,
,,,
1016000,106.1402667,,
,,,
1017000,112.2675334,,
,,,
1018000,112.2675334,,
,,,
1019000,112.2675334,,
,,,
1020000,112.9685334,,
,,,
1021000,112.9685334,,
,,,
1022000,112.9685334,,
,,,
1023000,112.9685334,,
,,,
1024000,114.3239,,
,,,
1025000,114.3239,,
,,,
1026000,114.3239,,
,,,
1027000,114.3239,,
,,,
1028000,114.3239,,
,,,
1029000,115.8022334,,
,,,
1030000,115.8022334,,
,,,
1031000,115.8022334,,
,,,
1032000,117.3071334,,
,,,
1033000,117.3071334,,
,,,
1034000,117.3071334,,
,,,
1035000,117.3071334,,
,,,
1036000,117.3071334,,
,,,
1037000,117.3071334,,
,,,
1038000,117.3071334,,
,,,
1039000,122.4083,,
,,,
1040000,122.4083,,
,,,
1041000,122.4083,,
,,,
1042000,121.6552667,,
,,,
1043000,121.6552667,,
,,,
1044000,121.6552667,,
,,,
1045000,121.6552667,,
,,,
1046000,131.3736334,,
,,,
1047000,131.3736334,,
,,,
1048000,131.3736334,,
,,,
1049000,131.3736334,,
,,,
1050000,138.5028667,,
,,,
1051000,138.5028667,,
,,,
1052000,138.5028667,,
,,,
1053000,138.5028667,,
,,,
1054000,135.4825,,
,,,
1055000,135.4825,,
,,,
1056000,135.4825,,
,,,
1057000,144.2405334,,
,,,
1058000,144.2405334,,
,,,
1059000,144.2405334,,
,,,
1060000,144.2405334,,
,,,
1061000,144.2405334,,
,,,
1062000,147.0334334,,
,,,
1063000,147.0334334,,
,,,
1064000,147.0334334,,
,,,
1065000,147.0334334,,
,,,
1066000,150.9445334,,
,,,
1067000,150.9445334,,
,,,
1068000,150.9445334,,
,,,
1069000,150.9445334,,
,,,
1070000,150.2312334,,
,,,
1071000,150.2312334,,
,,,
1072000,150.2312334,,
,,,
1073000,150.2312334,,
,,,
1074000,156.879,,
,,,
1075000,156.879,,
,,,
1076000,156.879,,
,,,
1077000,156.879,,
,,,
1078000,155.419,,
,,,
1079000,155.419,,
,,,
1080000,155.419,,
,,,
1081000,153.2960334,,
,,,
1082000,153.2960334,,
,,,
1083000,153.2960334,,
,,,
1084000,157.8758334,,
,,,
1085000,157.8758334,,
,,,
1086000,157.8758334,,
,,,
1087000,158.8624,,
,,,
1088000,158.8624,,
,,,
1089000,158.8624,,
,,,
1090000,158.8624,,
,,,
1091000,158.8624,,
,,,
1092000,162.6744334,,
,,,
1093000,162.6744334,,
,,,
1094000,162.6744334,,
,,,
1095000,166.5451667,,
,,,
1096000,166.5451667,,
,,,
1097000,166.5451667,,
,,,
1098000,174.4913,,
,,,
1099000,174.4913,,
,,,
1100000,174.4913,,
,,,
1101000,174.4913,,
,,,
1102000,176.5508333,,
,,,
1103000,176.5508333,,
,,,
1104000,176.5508333,,
,,,
1105000,176.5508333,,
,,,
1106000,176.5508333,,
,,,
1107000,179.0754,,
,,,
1108000,179.0754,,
,,,
1109000,179.0754,,
,,,
1110000,180.1888666,,
,,,
1111000,180.1888666,,
,,,
1112000,180.1888666,,
,,,
1113000,174.2712333,,
,,,
1114000,174.2712333,,
,,,
1115000,174.2712333,,
,,,
1116000,174.2712333,,
,,,
1117000,174.2712333,,
,,,
1118000,181.2343666,,
,,,
1119000,181.2343666,,
,,,
1120000,181.2343666,,
,,,
1121000,181.2343666,,
,,,
1122000,183.1467666,,
,,,
1123000,183.1467666,,
,,,
1124000,183.1467666,,
,,,
1125000,180.6043666,,
,,,
1126000,180.6043666,,
,,,
1127000,180.6043666,,
,,,
1128000,183.4757,,
,,,
1129000,183.4757,,
,,,
1130000,183.4757,,
,,,
1131000,183.4757,,
,,,
1132000,183.4757,,
,,,
1133000,192.9091666,,
,,,
1134000,192.9091666,,
,,,
1135000,192.9091666,,
,,,
1136000,192.9091666,,
,,,
1137000,192.9091666,,
,,,
1138000,194.8097,,
,,,
1139000,194.8097,,
,,,
1140000,194.8097,,
,,,
1141000,194.8097,,
,,,
1142000,194.8097,,
,,,
1143000,197.0144666,,
,,,
1144000,197.0144666,,
,,,
1145000,197.0144666,,
,,,
1146000,199.5404333,,
,,,
1147000,199.5404333,,
,,,
1148000,199.5404333,,
,,,
1149000,199.5404333,,
,,,
1150000,197.7442666,,
,,,
1151000,197.7442666,,
,,,
1152000,197.7442666,,
,,,
1153000,195.0491666,,
,,,
1154000,195.0491666,,
,,,
1155000,195.0491666,,
,,,
1156000,194.4019666,,
,,,
1157000,194.4019666,,
,,,
1158000,194.4019666,,
,,,
1159000,194.4019666,,
,,,
1160000,200.1600666,,
,,,
1161000,200.1600666,,
,,,
1162000,200.1600666,,
,,,
1163000,197.9745,,
,,,
1164000,197.9745,,
,,,
1165000,197.9745,,
,,,
1166000,197.9745,,
,,,
1167000,204.4618333,,
,,,
1168000,204.4618333,,
,,,
1169000,204.4618333,,
,,,
1170000,204.4618333,,
,,,
1171000,198.9371,,
,,,
1172000,198.9371,,
,,,
1173000,198.9371,,
,,,
1174000,198.9371,,
,,,
1175000,201.2379,,
,,,
1176000,201.2379,,
,,,
1177000,201.2379,,
,,,
1178000,198.3946333,,
,,,
1179000,198.3946333,,
,,,
1180000,198.3946333,,
,,,
1181000,198.3946333,,
,,,
1182000,200.4573,,
,,,
1183000,200.4573,,
,,,
1184000,200.4573,,
,,,
1185000,200.4863667,,
,,,
1186000,200.4863667,,
,,,
1187000,200.4863667,,
,,,
1188000,200.4863667,,
,,,
1189000,200.4863667,,
,,,
1190000,201.3092,,
,,,
1191000,201.3092,,
,,,
1192000,201.3092,,
,,,
1193000,199.9042667,,
,,,
1194000,199.9042667,,
,,,
1195000,199.9042667,,
,,,
1196000,199.9042667,,
,,,
1197000,202.7234333,,
,,,
1198000,202.7234333,,
,,,
1199000,202.7234333,,
,,,
1200000,206.1712333,,
,,,
1201000,206.1712333,,
,,,
1202000,206.1712333,,
,,,
1203000,206.1712333,,
,,,
1204000,206.6293333,,
,,,
1205000,206.6293333,,
,,,
1206000,206.6293333,,
,,,
1207000,206.6293333,,
,,,
1208000,207.9669,,
,,,
1209000,207.9669,,
,,,
1210000,207.9669,,
,,,
1211000,207.9669,,
,,,
1212000,209.3543333,,
,,,
1213000,209.3543333,,
,,,
1214000,209.3543333,,
,,,
1215000,207.9961,,
,,,
1216000,207.9961,,
,,,
1217000,207.9961,,
,,,
1218000,207.9961,,
,,,
1219000,208.5788,,
,,,
1220000,208.5788,,
,,,
1221000,208.5788,,
,,,
1222000,208.5788,,
,,,
1223000,208.1109667,,
,,,
1224000,208.1109667,,
,,,
1225000,208.1109667,,
,,,
1226000,204.1834334,,
,,,
1227000,204.1834334,,
,,,
1228000,204.1834334,,
,,,
1229000,204.1834334,,
,,,
1230000,197.3242,,
,,,
1231000,197.3242,,
,,,
1232000,197.3242,,
,,,
1233000,197.3242,,
,,,
1234000,197.0286667,,
,,,
1235000,197.0286667,,
,,,
1236000,197.0286667,,
,,,
1237000,197.0286667,,
,,,
1238000,193.7798,,
,,,
1239000,193.7798,,
,,,
1240000,193.7798,,
,,,
1241000,196.0934,,
,,,
1242000,196.0934,,
,,,
1243000,196.0934,,
,,,
1244000,196.0934,,
,,,
1245000,197.8176667,,
,,,
1246000,197.8176667,,
,,,
1247000,197.8176667,,
,,,
1248000,197.8176667,,
,,,
1249000,196.0065333,,
,,,
1250000,196.0065333,,
,,,
1251000,196.0065333,,
,,,
1252000,196.0065333,,
,,,
1253000,193.5610667,,
,,,
1254000,193.5610667,,
,,,
1255000,193.5610667,,
,,,
1256000,193.5610667,,
,,,
1257000,192.6302333,,
,,,
1258000,192.6302333,,
,,,
1259000,192.6302333,,
,,,
1260000,192.6302333,,
,,,
1261000,193.5272333,,
,,,
1262000,193.5272333,,
,,,
1263000,193.5272333,,
,,,
1264000,193.5272333,,
,,,
1265000,193.1202666,,
,,,
1266000,193.1202666,,
,,,
1267000,193.1202666,,
,,,
1268000,193.1202666,,
,,,
1269000,190.3671,,
,,,
1270000,190.3671,,
,,,
1271000,190.3671,,
,,,
1272000,190.3671,,
,,,
1273000,188.7240333,,
,,,
1274000,188.7240333,,
,,,
1275000,188.7240333,,
,,,
1276000,188.7240333,,
,,,
1277000,190.9022666,,
,,,
1278000,190.9022666,,
,,,
1279000,190.9022666,,
,,,
1280000,190.9022666,,
,,,
1281000,197.3366333,,
,,,
1282000,197.3366333,,
,,,
1283000,197.3366333,,
,,,
1284000,197.3366333,,
,,,
1285000,197.5497666,,
,,,
1286000,197.5497666,,
,,,
1287000,197.5497666,,
,,,
1288000,194.6674,,
,,,
1289000,194.6674,,
,,,
1290000,194.6674,,
,,,
1291000,194.6674,,
,,,
1292000,195.3104667,,
,,,
1293000,195.3104667,,
,,,
1294000,195.3104667,,
,,,
1295000,195.3104667,,
,,,
1296000,194.0558333,,
,,,
1297000,194.0558333,,
,,,
1298000,194.0558333,,
,,,
1299000,194.0558333,,
,,,
1300000,194.1263333,,
,,,
1301000,194.1263333,,
,,,
1302000,194.1263333,,
,,,
1303000,194.1263333,,
,,,
1304000,200.5992,,
,,,
1305000,200.5992,,
,,,
1306000,200.5992,,
,,,
1307000,200.7332,,
,,,
1308000,200.7332,,
,,,
1309000,200.7332,,
,,,
1310000,200.7332,,
,,,
1311000,202.4981333,,
,,,
1312000,202.4981333,,
,,,
1313000,202.4981333,,
,,,
1314000,205.6270666,,
,,,
1315000,205.6270666,,
,,,
1316000,205.6270666,,
,,,
1317000,205.6270666,,
,,,
1318000,205.6270666,,
,,,
1319000,200.4971,,
,,,
1320000,200.4971,,
,,,
1321000,200.4971,,
,,,
1322000,200.4971,,
,,,
1323000,198.2379,,
,,,
1324000,198.2379,,
,,,
1325000,198.2379,,
,,,
1326000,198.2379,,
,,,
1327000,196.4451,,
,,,
1328000,196.4451,,
,,,
1329000,196.4451,,
,,,
1330000,196.4451,,
,,,
1331000,196.4451,,
,,,
1332000,197.1217,,
,,,
1333000,197.1217,,
,,,
1334000,197.1217,,
,,,
1335000,197.1217,,
,,,
1336000,197.1217,,
,,,
1337000,194.9049666,,
,,,
1338000,194.9049666,,
,,,
1339000,194.9049666,,
,,,
1340000,194.9049666,,
,,,
1341000,194.9049666,,
,,,
1342000,191.3768,,
,,,
1343000,191.3768,,
,,,
1344000,191.3768,,
,,,
1345000,193.5498666,,
,,,
1346000,193.5498666,,
,,,
1347000,193.5498666,,
,,,
1348000,193.5498666,,
,,,
1349000,193.7876666,,
,,,
1350000,193.7876666,,
,,,
1351000,193.7876666,,
,,,
1352000,193.7876666,,
,,,
1353000,192.4491,,
,,,
1354000,192.4491,,
,,,
1355000,192.4491,,
,,,
1356000,192.4491,,
,,,
1357000,189.7333666,,
,,,
1358000,189.7333666,,
,,,
1359000,189.7333666,,
,,,
1360000,189.7333666,,
,,,
1361000,190.6772666,,
,,,
1362000,190.6772666,,
,,,
1363000,190.6772666,,
,,,
1364000,190.6772666,,
,,,
1365000,190.6772666,,
,,,
1366000,192.5639666,,
,,,
1367000,192.5639666,,
,,,
1368000,192.5639666,,
,,,
1369000,192.5639666,,
,,,
1370000,193.7091,,
,,,
1371000,193.7091,,
,,,
1372000,193.7091,,
,,,
1373000,194.0144666,,
,,,
1374000,194.0144666,,
,,,
1375000,194.0144666,,
,,,
1376000,194.0144666,,
,,,
1377000,182.5198666,,
,,,
1378000,182.5198666,,
,,,
1379000,182.5198666,,
,,,
1380000,182.5198666,,
,,,
1381000,184.9345666,,
,,,
1382000,184.9345666,,
,,,
1383000,184.9345666,,
,,,
1384000,184.9345666,,
,,,
1385000,184.1295,,
,,,
1386000,184.1295,,
,,,
1387000,184.1295,,
,,,
1388000,184.1295,,
,,,
1389000,185.2892333,,
,,,
1390000,185.2892333,,
,,,
1391000,185.2892333,,
,,,
1392000,184.9715999,,
,,,
1393000,184.9715999,,
,,,
1394000,184.9715999,,
,,,
1395000,184.9715999,,
,,,
1396000,188.2091999,,
,,,
1397000,188.2091999,,
,,,
1398000,188.2091999,,
,,,
1399000,188.2091999,,
,,,
1400000,188.2091999,,
,,,
1401000,190.6432666,,
,,,
1402000,190.6432666,,
,,,
1403000,190.6432666,,
,,,
1404000,190.6432666,,
,,,
1405000,191.5145333,,
,,,
1406000,191.5145333,,
,,,
1407000,191.5145333,,
,,,
1408000,191.5145333,,
,,,
1409000,191.5145333,,
,,,
1410000,191.5145333,,
,,,
1411000,193.7481999,,
,,,
1412000,193.7481999,,
,,,
1413000,193.7481999,,
,,,
1414000,193.9304333,,
,,,
1415000,193.9304333,,
,,,
1416000,193.9304333,,
,,,
1417000,195.8744333,,
,,,
1418000,195.8744333,,
,,,
1419000,195.8744333,,
,,,
1420000,195.8744333,,
,,,
1421000,195.8744333,,
,,,
1422000,196.4841333,,
,,,
1423000,196.4841333,,
,,,
1424000,196.4841333,,
,,,
1425000,196.4841333,,
,,,
1426000,196.4841333,,
,,,
1427000,195.6581666,,
,,,
1428000,195.6581666,,
,,,
1429000,195.6581666,,
,,,
1430000,195.6581666,,
,,,
1431000,195.6581666,,
,,,
1432000,204.7564999,,
,,,
1433000,204.7564999,,
,,,
1434000,204.7564999,,
,,,
1435000,204.7564999,,
,,,
1436000,202.8313666,,
,,,
1437000,202.8313666,,
,,,
1438000,202.8313666,,
,,,
1439000,202.8313666,,
,,,
1440000,202.8313666,,
,,,
1441000,202.1761999,,
,,,
1442000,202.1761999,,
,,,
1443000,202.1761999,,
,,,
1444000,202.1761999,,
,,,
1445000,204.0211333,,
,,,
1446000,204.0211333,,
,,,
1447000,204.0211333,,
,,,
1448000,204.0211333,,
,,,
1449000,206.7720999,,
,,,
1450000,206.7720999,,
,,,
1451000,206.7720999,,
,,,
1452000,206.7720999,,
,,,
1453000,209.6412999,,
,,,
1454000,209.6412999,,
,,,
1455000,209.6412999,,
,,,
1456000,209.6412999,,
,,,
1457000,209.6412999,,
,,,
1458000,207.6215333,,
,,,
1459000,207.6215333,,
,,,
1460000,207.6215333,,
,,,
1461000,207.6215333,,
,,,
1462000,207.5801333,,
,,,
1463000,207.5801333,,
,,,
1464000,207.5801333,,
,,,
1465000,207.5801333,,
,,,
1466000,207.5801333,,
,,,
1467000,206.7275666,,
,,,
1468000,206.7275666,,
,,,
1469000,206.7275666,,
,,,
1470000,208.3850666,,
,,,
1471000,208.3850666,,
,,,
1472000,208.3850666,,
,,,
1473000,208.3850666,,
,,,
1474000,208.3850666,,
,,,
1475000,208.3850666,,
,,,
1476000,212.3482999,,
,,,
1477000,212.3482999,,
,,,
1478000,212.3482999,,
,,,
1479000,212.3482999,,
,,,
1480000,214.2312666,,
,,,
1481000,214.2312666,,
,,,
1482000,214.2312666,,
,,,
1483000,214.2312666,,
,,,
1484000,214.2411333,,
,,,
1485000,214.2411333,,
,,,
1486000,214.2411333,,
,,,
1487000,211.0572666,,
,,,
1488000,211.0572666,,
,,,
1489000,211.0572666,,
,,,
1490000,211.0572666,,
,,,
1491000,213.2426666,,
,,,
1492000,213.2426666,,
,,,
1493000,213.2426666,,
,,,
1494000,212.2850666,,
,,,
1495000,212.2850666,,
,,,
1496000,212.2850666,,
,,,
1497000,212.2850666,,
,,,
1498000,209.9722999,,
,,,
1499000,209.9722999,,
,,,
1500000,209.9722999,,
,,,
1501000,209.9722999,,
,,,
1502000,213.3759999,,
,,,
1503000,213.3759999,,
,,,
1504000,213.3759999,,
,,,
1505000,213.3759999,,
,,,
1506000,213.3759999,,
,,,
1507000,213.3759999,,
,,,
1508000,215.3217999,,
,,,
1509000,215.3217999,,
,,,
1510000,215.3217999,,
,,,
1511000,215.3217999,,
,,,
1512000,212.7260999,,
,,,
1513000,212.7260999,,
,,,
1514000,212.7260999,,
,,,
1515000,212.7260999,,
,,,
1516000,213.2568999,,
,,,
1517000,213.2568999,,
,,,
1518000,213.2568999,,
,,,
1519000,213.2568999,,
,,,
1520000,215.1940333,,
,,,
1521000,215.1940333,,
,,,
1522000,215.1940333,,
,,,
1523000,215.1940333,,
,,,
1524000,215.7652666,,
,,,
1525000,215.7652666,,
,,,
1526000,215.7652666,,
,,,
1527000,215.7652666,,
,,,
1528000,218.6076333,,
,,,
1529000,218.6076333,,
,,,
1530000,218.6076333,,
,,,
1531000,218.6076333,,
,,,
1532000,218.6076333,,
,,,
1533000,218.6076333,,
,,,
1534000,218.9438666,,
,,,
1535000,218.9438666,,
,,,
1536000,218.9438666,,
,,,
1537000,218.9438666,,
,,,
1538000,218.9438666,,
,,,
1539000,218.9438666,,
,,,
1540000,223.3009999,,
,,,
1541000,223.3009999,,
,,,
1542000,223.3009999,,
,,,
1543000,223.3009999,,
,,,
1544000,221.7463999,,
,,,
1545000,221.7463999,,
,,,
1546000,221.7463999,,
,,,
1547000,221.7463999,,
,,,
1548000,221.7463999,,
,,,
1549000,228.3607999,,
,,,
1550000,228.3607999,,
,,,
1551000,228.3607999,,
,,,
1552000,228.3607999,,
,,,
1553000,228.3607999,,
,,,
1554000,234.9231333,,
,,,
1555000,234.9231333,,
,,,
1556000,234.9231333,,
,,,
1557000,236.7390333,,
,,,
1558000,236.7390333,,
,,,
1559000,236.7390333,,
,,,
1560000,236.7390333,,
,,,
1561000,240.3637333,,
,,,
1562000,240.3637333,,
,,,
1563000,240.3637333,,
,,,
1564000,240.3637333,,
,,,
1565000,239.6864666,,
,,,
1566000,239.6864666,,
,,,
1567000,239.6864666,,
,,,
1568000,239.6864666,,
,,,
1569000,239.6864666,,
,,,
1570000,247.6706,,
,,,
1571000,247.6706,,
,,,
1572000,247.6706,,
,,,
1573000,247.6706,,
,,,
1574000,244.9928,,
,,,
1575000,244.9928,,
,,,
1576000,244.9928,,
,,,
1577000,244.9928,,
,,,
1578000,244.9928,,
,,,
1579000,244.7067666,,
,,,
1580000,244.7067666,,
,,,
1581000,244.7067666,,
,,,
1582000,244.7067666,,
,,,
1583000,241.4474333,,
,,,
1584000,241.4474333,,
,,,
1585000,241.4474333,,
,,,
1586000,241.4474333,,
,,,
1587000,241.4474333,,
,,,
1588000,236.2821,,
,,,
1589000,236.2821,,
,,,
1590000,236.2821,,
,,,
1591000,236.2821,,
,,,
1592000,249.3388666,,
,,,
1593000,249.3388666,,
,,,
1594000,249.3388666,,
,,,
1595000,249.3388666,,
,,,
1596000,249.3388666,,
,,,
1597000,247.2007333,,
,,,
1598000,247.2007333,,
,,,
1599000,247.2007333,,
,,,
1600000,247.2007333,,
,,,
1601000,247.2007333,,
,,,
1602000,247.9670333,,
,,,
1603000,247.9670333,,
,,,
1604000,247.9670333,,
,,,
1605000,247.9670333,,
,,,
1606000,251.2805666,,
,,,
1607000,251.2805666,,
,,,
1608000,251.2805666,,
,,,
1609000,251.2805666,,
,,,
1610000,247.9645333,,
,,,
1611000,247.9645333,,
,,,
1612000,247.9645333,,
,,,
1613000,243.6900333,,
,,,
1614000,243.6900333,,
,,,
1615000,243.6900333,,
,,,
1616000,243.6900333,,
,,,
1617000,243.6900333,,
,,,
1618000,243.6900333,,
,,,
1619000,239.0711333,,
,,,
1620000,239.0711333,,
,,,
1621000,239.0711333,,
,,,
1622000,237.0199333,,
,,,
1623000,237.0199333,,
,,,
1624000,237.0199333,,
,,,
1625000,235.2212666,,
,,,
1626000,235.2212666,,
,,,
1627000,235.2212666,,
,,,
1628000,235.2212666,,
,,,
1629000,235.2212666,,
,,,
1630000,235.2212666,,
,,,
1631000,235.5529333,,
,,,
1632000,235.5529333,,
,,,
1633000,235.5529333,,
,,,
1634000,235.5529333,,
,,,
1635000,235.5529333,,
,,,
1636000,238.2216333,,
,,,
1637000,238.2216333,,
,,,
1638000,238.2216333,,
,,,
1639000,238.2216333,,
,,,
1640000,236.1564666,,
,,,
1641000,236.1564666,,
,,,
1642000,236.1564666,,
,,,
1643000,236.1564666,,
,,,
1644000,241.2900666,,
,,,
1645000,241.2900666,,
,,,
1646000,241.2900666,,
,,,
1647000,241.2900666,,
,,,
1648000,241.2108999,,
,,,
1649000,241.2108999,,
,,,
1650000,241.2108999,,
,,,
1651000,243.8547666,,
,,,
1652000,243.8547666,,
,,,
1653000,243.8547666,,
,,,
1654000,243.8547666,,
,,,
1655000,243.8547666,,
,,,
1656000,247.5727,,
,,,
1657000,247.5727,,
,,,
1658000,247.5727,,
,,,
1659000,247.3683,,
,,,
1660000,247.3683,,
,,,
1661000,247.3683,,
,,,
1662000,247.3683,,
,,,
1663000,247.3683,,
,,,
1664000,244.2570333,,
,,,
1665000,244.2570333,,
,,,
1666000,244.2570333,,
,,,
1667000,244.2570333,,
,,,
1668000,244.1989666,,
,,,
1669000,244.1989666,,
,,,
1670000,244.1989666,,
,,,
1671000,244.1989666,,
,,,
1672000,244.1989666,,
,,,
1673000,245.0482666,,
,,,
1674000,245.0482666,,
,,,
1675000,245.0482666,,
,,,
1676000,245.0482666,,
,,,
1677000,249.5167,,
,,,
1678000,249.5167,,
,,,
1679000,249.5167,,
,,,
1680000,249.5167,,
,,,
1681000,251.0755666,,
,,,
1682000,251.0755666,,
,,,
1683000,251.0755666,,
,,,
1684000,251.0755666,,
,,,
1685000,251.6352666,,
,,,
1686000,251.6352666,,
,,,
1687000,251.6352666,,
,,,
1688000,252.6165,,
,,,
1689000,252.6165,,
,,,
1690000,252.6165,,
,,,
1691000,252.6165,,
,,,
1692000,256.7753666,,
,,,
1693000,256.7753666,,
,,,
1694000,256.7753666,,
,,,
1695000,258.2397666,,
,,,
1696000,258.2397666,,
,,,
1697000,258.2397666,,
,,,
1698000,258.2397666,,
,,,
1699000,260.0024,,
,,,
1700000,260.0024,,
,,,
1701000,260.0024,,
,,,
1702000,258.8446,,
,,,
1703000,258.8446,,
,,,
1704000,258.8446,,
,,,
1705000,258.8446,,
,,,
1706000,261.5782,,
,,,
1707000,261.5782,,
,,,
1708000,261.5782,,
,,,
1709000,261.5782,,
,,,
1710000,261.6935333,,
,,,
1711000,261.6935333,,
,,,
1712000,261.6935333,,
,,,
1713000,261.6935333,,
,,,
1714000,261.3530333,,
,,,
1715000,261.3530333,,
,,,
1716000,261.3530333,,
,,,
1717000,261.3530333,,
,,,
1718000,263.2394,,
,,,
1719000,263.2394,,
,,,
1720000,263.2394,,
,,,
1721000,263.2394,,
,,,
1722000,263.2394,,
,,,
1723000,264.7729667,,
,,,
1724000,264.7729667,,
,,,
1725000,264.7729667,,
,,,
1726000,264.7729667,,
,,,
1727000,259.8654,,
,,,
1728000,259.8654,,
,,,
1729000,259.8654,,
,,,
1730000,259.8654,,
,,,
1731000,259.0582,,
,,,
1732000,259.0582,,
,,,
1733000,259.0582,,
,,,
1734000,259.0582,,
,,,
1735000,259.0582,,
,,,
1736000,264.6238333,,
,,,
1737000,264.6238333,,
,,,
1738000,264.6238333,,
,,,
1739000,264.6238333,,
,,,
1740000,264.6238333,,
,,,
1741000,268.2943,,
,,,
1742000,268.2943,,
,,,
1743000,268.2943,,
,,,
1744000,268.2943,,
,,,
1745000,269.8712333,,
,,,
1746000,269.8712333,,
,,,
1747000,269.8712333,,
,,,
1748000,269.8712333,,
,,,
1749000,267.9984,,
,,,
1750000,267.9984,,
,,,
1751000,267.9984,,
,,,
1752000,267.9984,,
,,,
1753000,268.8091333,,
,,,
1754000,268.8091333,,
,,,
1755000,268.8091333,,
,,,
1756000,268.8091333,,
,,,
1757000,266.1084333,,
,,,
1758000,266.1084333,,
,,,
1759000,266.1084333,,
,,,
1760000,266.1084333,,
,,,
1761000,264.9697333,,
,,,
1762000,264.9697333,,
,,,
1763000,264.9697333,,
,,,
1764000,264.9697333,,
,,,
1765000,266.0229333,,
,,,
1766000,266.0229333,,
,,,
1767000,266.0229333,,
,,,
1768000,266.0229333,,
,,,
1769000,262.3558,,
,,,
1770000,262.3558,,
,,,
1771000,262.3558,,
,,,
1772000,262.3558,,
,,,
1773000,262.3558,,
,,,
1774000,264.2563667,,
,,,
1775000,264.2563667,,
,,,
1776000,264.2563667,,
,,,
1777000,264.2563667,,
,,,
1778000,264.2563667,,
,,,
1779000,258.5936333,,
,,,
1780000,258.5936333,,
,,,
1781000,258.5936333,,
,,,
1782000,258.5936333,,
,,,
1783000,256.9512,,
,,,
1784000,256.9512,,
,,,
1785000,256.9512,,
,,,
1786000,256.9512,,
,,,
1787000,256.9512,,
,,,
1788000,256.9512,,
,,,
1789000,256.9512,,
,,,
1790000,264.9416333,,
,,,
1791000,264.9416333,,
,,,
1792000,264.9416333,,
,,,
1793000,264.9416333,,
,,,
1794000,268.8277333,,
,,,
1795000,268.8277333,,
,,,
1796000,268.8277333,,
,,,
1797000,268.8277333,,
,,,
1798000,272.8992667,,
,,,
1799000,272.8992667,,
,,,
1800000,272.8992667,,
,,,
1801000,272.8992667,,
,,,
1802000,272.4221667,,
,,,
1803000,272.4221667,,
,,,
1804000,272.4221667,,
,,,
1805000,274.0791667,,
,,,
1806000,274.0791667,,
,,,
1807000,274.0791667,,
,,,
1808000,274.0791667,,
,,,
1809000,274.0791667,,
,,,
1810000,276.4654,,
,,,
1811000,276.4654,,
,,,
1812000,276.4654,,
,,,
1813000,276.4654,,
,,,
1814000,274.3249667,,
,,,
1815000,274.3249667,,
,,,
1816000,274.3249667,,
,,,
1817000,281.5028667,,
,,,
1818000,281.5028667,,
,,,
1819000,281.5028667,,
,,,
1820000,281.5028667,,
,,,
1821000,281.5028667,,
,,,
1822000,284.2818667,,
,,,
1823000,284.2818667,,
,,,
1824000,284.2818667,,
,,,
1825000,284.2818667,,
,,,
1826000,285.2604,,
,,,
1827000,285.2604,,
,,,
1828000,285.2604,,
,,,
1829000,285.2604,,
,,,
1830000,285.2604,,
,,,
1831000,285.5698667,,
,,,
1832000,285.5698667,,
,,,
1833000,285.5698667,,
,,,
1834000,280.8520333,,
,,,
1835000,280.8520333,,
,,,
1836000,280.8520333,,
,,,
1837000,280.8520333,,
,,,
1838000,280.8520333,,
,,,
1839000,279.9607,,
,,,
1840000,279.9607,,
,,,
1841000,279.9607,,
,,,
1842000,279.9607,,
,,,
1843000,279.9607,,
,,,
1844000,279.9607,,
,,,
1845000,278.4328333,,
,,,
1846000,278.4328333,,
,,,
1847000,278.4328333,,
,,,
1848000,278.4328333,,
,,,
1849000,282.1967667,,
,,,
1850000,282.1967667,,
,,,
1851000,282.1967667,,
,,,
1852000,282.1967667,,
,,,
1853000,282.1967667,,
,,,
1854000,282.1967667,,
,,,
1855000,283.8747,,
,,,
1856000,283.8747,,
,,,
1857000,283.8747,,
,,,
1858000,283.8747,,
,,,
1859000,283.8747,,
,,,
1860000,285.1938667,,
,,,
1861000,285.1938667,,
,,,
1862000,285.1938667,,
,,,
1863000,285.1938667,,
,,,
1864000,282.7693667,,
,,,
1865000,282.7693667,,
,,,
1866000,282.7693667,,
,,,
1867000,282.7693667,,
,,,
1868000,283.0386,,
,,,
1869000,283.0386,,
,,,
1870000,283.0386,,
,,,
1871000,283.0386,,
,,,
1872000,283.0386,,
,,,
1873000,282.3023,,
,,,
1874000,282.3023,,
,,,
1875000,282.3023,,
,,,
1876000,282.3023,,
,,,
1877000,284.2816667,,
,,,
1878000,284.2816667,,
,,,
1879000,284.2816667,,
,,,
1880000,284.2816667,,
,,,
1881000,279.2976,,
,,,
1882000,279.2976,,
,,,
1883000,279.2976,,
,,,
1884000,279.2976,,
,,,
1885000,279.2976,,
,,,
1886000,283.8457333,,
,,,
1887000,283.8457333,,
,,,
1888000,283.8457333,,
,,,
1889000,283.8457333,,
,,,
1890000,283.8457333,,
,,,
1891000,283.8457333,,
,,,
1892000,289.2368,,
,,,
1893000,289.2368,,
,,,
1894000,289.2368,,
,,,
1895000,288.2422667,,
,,,
1896000,288.2422667,,
,,,
1897000,288.2422667,,
,,,
1898000,288.2422667,,
,,,
1899000,287.9105333,,
,,,
1900000,287.9105333,,
,,,
1901000,287.9105333,,
,,,
1902000,287.9105333,,
,,,
1903000,289.8510333,,
,,,
1904000,289.8510333,,
,,,
1905000,289.8510333,,
,,,
1906000,287.8556,,
,,,
1907000,287.8556,,
,,,
1908000,287.8556,,
,,,
1909000,287.8556,,
,,,
1910000,286.0102,,
,,,
1911000,286.0102,,
,,,
1912000,286.0102,,
,,,
1913000,283.6417667,,
,,,
1914000,283.6417667,,
,,,
1915000,283.6417667,,
,,,
1916000,283.6417667,,
,,,
1917000,275.5967333,,
,,,
1918000,275.5967333,,
,,,
1919000,275.5967333,,
,,,
1920000,275.5967333,,
,,,
1921000,275.5967333,,
,,,
1922000,275.5967333,,
,,,
1923000,279.6770333,,
,,,
1924000,279.6770333,,
,,,
1925000,279.6770333,,
,,,
1926000,279.6770333,,
,,,
1927000,279.6770333,,
,,,
1928000,279.3797333,,
,,,
1929000,279.3797333,,
,,,
1930000,279.3797333,,
,,,
1931000,279.3797333,,
,,,
1932000,279.3797333,,
,,,
1933000,279.2881,,
,,,
1934000,279.2881,,
,,,
1935000,279.2881,,
,,,
1936000,273.6841334,,
,,,
1937000,273.6841334,,
,,,
1938000,273.6841334,,
,,,
1939000,273.6841334,,
,,,
1940000,273.6841334,,
,,,
1941000,276.1095667,,
,,,
1942000,276.1095667,,
,,,
1943000,276.1095667,,
,,,
1944000,276.1095667,,
,,,
1945000,276.1095667,,
,,,
1946000,282.4344333,,
,,,
1947000,282.4344333,,
,,,
1948000,282.4344333,,
,,,
1949000,282.4344333,,
,,,
1950000,282.4344333,,
,,,
1951000,281.1494,,
,,,
1952000,281.1494,,
,,,
1953000,281.1494,,
,,,
1954000,281.1494,,
,,,
1955000,275.4236,,
,,,
1956000,275.4236,,
,,,
1957000,275.4236,,
,,,
1958000,275.4236,,
,,,
1959000,275.4236,,
,,,
1960000,275.7416333,,
,,,
1961000,275.7416333,,
,,,
1962000,275.7416333,,
,,,
1963000,275.7416333,,
,,,
1964000,276.5162,,
,,,
1965000,276.5162,,
,,,
1966000,276.5162,,
,,,
1967000,276.5162,,
,,,
1968000,274.5542333,,
,,,
1969000,274.5542333,,
,,,
1970000,274.5542333,,
,,,
1971000,274.5542333,,
,,,
1972000,274.1383333,,
,,,
1973000,274.1383333,,
,,,
1974000,274.1383333,,
,,,
1975000,274.1383333,,
,,,
1976000,274.1383333,,
,,,
1977000,269.4749333,,
,,,
1978000,269.4749333,,
,,,
1979000,269.4749333,,
,,,
1980000,269.4749333,,
,,,
1981000,269.4749333,,
,,,
1982000,265.8079333,,
,,,
1983000,265.8079333,,
,,,
1984000,265.8079333,,
,,,
1985000,265.8079333,,
,,,
1986000,265.1864667,,
,,,
1987000,265.1864667,,
,,,
1988000,265.1864667,,
,,,
1989000,265.1864667,,
,,,
1990000,265.1864667,,
,,,
1991000,267.3354,,
,,,
1992000,267.3354,,
,,,
1993000,267.3354,,
,,,
1994000,267.3354,,
,,,
1995000,267.3354,,
,,,
1996000,268.8313333,,
,,,
1997000,268.8313333,,
,,,
1998000,268.8313333,,
,,,
1999000,269.2984667,,
,,,
2000000,269.2984667,,
,,,
2001000,269.2984667,,
,,,
2002000,269.2984667,,
,,,
2003000,272.6706,,
,,,
2004000,272.6706,,
,,,
2005000,272.6706,,
,,,
2006000,272.6706,,
,,,
2007000,265.9852,,
,,,
2008000,265.9852,,
,,,
2009000,265.9852,,
,,,
2010000,265.9852,,
,,,
2011000,260.921,,
,,,
2012000,260.921,,
,,,
2013000,260.921,,
,,,
2014000,260.921,,
,,,
2015000,263.2135,,
,,,
2016000,263.2135,,
,,,
2017000,263.2135,,
,,,
2018000,263.2135,,
,,,
2019000,263.2135,,
,,,
2020000,263.2135,,
,,,
2021000,263.2135,,
,,,
2022000,263.2135,,
,,,
2023000,262.8476667,,
,,,
2024000,262.8476667,,
,,,
2025000,262.8476667,,
,,,
2026000,262.6372667,,
,,,
2027000,262.6372667,,
,,,
2028000,262.6372667,,
,,,
2029000,262.6372667,,
,,,
2030000,262.6372667,,
,,,
2031000,261.5451334,,
,,,
2032000,261.5451334,,
,,,
2033000,261.5451334,,
,,,
2034000,261.5451334,,
,,,
2035000,258.4087334,,
,,,
2036000,258.4087334,,
,,,
2037000,258.4087334,,
,,,
2038000,258.4087334,,
,,,
2039000,255.8077,,
,,,
2040000,255.8077,,
,,,
2041000,255.8077,,
,,,
2042000,255.8077,,
,,,
2043000,253.8679,,
,,,
2044000,253.8679,,
,,,
2045000,253.8679,,
,,,
2046000,253.8679,,
,,,
2047000,253.8679,,
,,,
2048000,257.1027334,,
,,,
2049000,257.1027334,,
,,,
2050000,257.1027334,,
,,,
2051000,252.4759,,
,,,
2052000,252.4759,,
,,,
2053000,252.4759,,
,,,
2054000,254.4665667,,
,,,
2055000,254.4665667,,
,,,
2056000,254.4665667,,
,,,
2057000,254.4665667,,
,,,
2058000,254.4665667,,
,,,
2059000,258.4482667,,
,,,
2060000,258.4482667,,
,,,
2061000,258.4482667,,
,,,
2062000,258.4482667,,
,,,
2063000,258.4482667,,
,,,
2064000,256.1668,,
,,,
2065000,256.1668,,
,,,
2066000,256.1668,,
,,,
2067000,256.1668,,
,,,
2068000,256.1668,,
,,,
2069000,254.8852667,,
,,,
2070000,254.8852667,,
,,,
2071000,254.8852667,,
,,,
2072000,254.8852667,,
,,,
2073000,250.1028,,
,,,
2074000,250.1028,,
,,,
2075000,250.1028,,
,,,
2076000,250.1028,,
,,,
2077000,245.2540667,,
,,,
2078000,245.2540667,,
,,,
2079000,245.2540667,,
,,,
2080000,247.2558333,,
,,,
2081000,247.2558333,,
,,,
2082000,247.2558333,,
,,,
2083000,247.2558333,,
,,,
2084000,247.7859333,,
,,,
2085000,247.7859333,,
,,,
2086000,247.7859333,,
,,,
2087000,247.7859333,,
,,,
2088000,247.7859333,,
,,,
2089000,249.1620333,,
,,,
2090000,249.1620333,,
,,,
2091000,249.1620333,,
,,,
2092000,249.1620333,,
,,,
2093000,246.7197,,
,,,
2094000,246.7197,,
,,,
2095000,246.7197,,
,,,
2096000,246.7197,,
,,,
2097000,246.7197,,
,,,
2098000,252.5829333,,
,,,
2099000,252.5829333,,
,,,
2100000,252.5829333,,
,,,
2101000,252.5829333,,
,,,
2102000,252.5829333,,
,,,
2103000,253.8058,,
,,,
2104000,253.8058,,
,,,
2105000,253.8058,,
,,,
2106000,248.3490334,,
,,,
2107000,248.3490334,,
,,,
2108000,248.3490334,,
,,,
2109000,248.3490334,,
,,,
2110000,248.3490334,,
,,,
2111000,248.3490334,,
,,,
2112000,248.3490334,,
,,,
2113000,249.9576334,,
,,,
2114000,249.9576334,,
,,,
2115000,249.9576334,,
,,,
2116000,251.065,,
,,,
2117000,251.065,,
,,,
2118000,251.065,,
,,,
2119000,251.065,,
,,,
2120000,251.065,,
,,,
2121000,250.6747667,,
,,,
2122000,250.6747667,,
,,,
2123000,250.6747667,,
,,,
2124000,250.6747667,,
,,,
2125000,250.6747667,,
,,,
2126000,247.5709,,
,,,
2127000,247.5709,,
,,,
2128000,247.5709,,
,,,
2129000,247.5709,,
,,,
2130000,247.5709,,
,,,
2131000,247.5709,,
,,,
2132000,247.5709,,
,,,
2133000,251.0223667,,
,,,
2134000,251.0223667,,
,,,
2135000,251.0223667,,
,,,
2136000,251.0223667,,
,,,
2137000,251.0223667,,
,,,
2138000,251.0223667,,
,,,
2139000,257.8087667,,
,,,
2140000,257.8087667,,
,,,
2141000,257.8087667,,
,,,
2142000,257.8087667,,
,,,
2143000,264.4266333,,
,,,
2144000,264.4266333,,
,,,
2145000,264.4266333,,
,,,
2146000,264.4266333,,
,,,
2147000,264.4266333,,
,,,
2148000,264.4266333,,
,,,
2149000,264.4266333,,
,,,
2150000,263.3055333,,
,,,
2151000,263.3055333,,
,,,
2152000,263.3055333,,
,,,
2153000,263.3055333,,
,,,
2154000,263.3055333,,
,,,
2155000,266.9125667,,
,,,
2156000,266.9125667,,
,,,
2157000,266.9125667,,
,,,
2158000,266.9125667,,
,,,
2159000,266.5090333,,
,,,
2160000,266.5090333,,
,,,
2161000,266.5090333,,
,,,
2162000,266.5090333,,
,,,
2163000,266.5090333,,
,,,
2164000,269.7362667,,
,,,
2165000,269.7362667,,
,,,
2166000,269.7362667,,
,,,
2167000,269.7362667,,
,,,
2168000,267.3131334,,
,,,
2169000,267.3131334,,
,,,
2170000,267.3131334,,
,,,
2171000,267.3131334,,
,,,
2172000,267.3131334,,
,,,
2173000,260.2341667,,
,,,
2174000,260.2341667,,
,,,
2175000,260.2341667,,
,,,
2176000,261.0859334,,
,,,
2177000,261.0859334,,
,,,
2178000,261.0859334,,
,,,
2179000,261.0859334,,
,,,
2180000,261.0859334,,
,,,
2181000,266.2805,,
,,,
2182000,266.2805,,
,,,
2183000,266.2805,,
,,,
2184000,266.2805,,
,,,
2185000,266.2805,,
,,,
2186000,264.0482334,,
,,,
2187000,264.0482334,,
,,,
2188000,264.0482334,,
,,,
2189000,258.4723,,
,,,
2190000,258.4723,,
,,,
2191000,258.4723,,
,,,
2192000,258.4723,,
,,,
2193000,258.4723,,
,,,
2194000,258.4723,,
,,,
2195000,260.1858667,,
,,,
2196000,260.1858667,,
,,,
2197000,260.1858667,,
,,,
2198000,260.1858667,,
,,,
2199000,262.6011,,
,,,
2200000,262.6011,,
,,,
2201000,262.6011,,
,,,
2202000,262.6011,,
,,,
2203000,263.9296,,
,,,
2204000,263.9296,,
,,,
2205000,263.9296,,
,,,
2206000,263.9296,,
,,,
2207000,261.875,,
,,,
2208000,261.875,,
,,,
2209000,261.875,,
,,,
2210000,261.875,,
,,,
2211000,261.875,,
,,,
2212000,261.875,,
,,,
2213000,263.863,,
,,,
2214000,263.863,,
,,,
2215000,263.863,,
,,,
2216000,264.9283667,,
,,,
2217000,264.9283667,,
,,,
2218000,264.9283667,,
,,,
2219000,264.9283667,,
,,,
2220000,264.9283667,,
,,,
2221000,264.3939333,,
,,,
2222000,264.3939333,,
,,,
2223000,264.3939333,,
,,,
2224000,264.3939333,,
,,,
2225000,264.9579667,,
,,,
2226000,264.9579667,,
,,,
2227000,264.9579667,,
,,,
2228000,264.9579667,,
,,,
2229000,262.8518,,
,,,
2230000,262.8518,,
,,,
2231000,262.8518,,
,,,
2232000,262.8518,,
,,,
2233000,264.1671667,,
,,,
2234000,264.1671667,,
,,,
2235000,264.1671667,,
,,,
2236000,264.1671667,,
,,,
2237000,264.1671667,,
,,,
2238000,268.2787333,,
,,,
2239000,268.2787333,,
,,,
2240000,268.2787333,,
,,,
2241000,268.2787333,,
,,,
2242000,268.2787333,,
,,,
2243000,267.0269667,,
,,,
2244000,267.0269667,,
,,,
2245000,267.0269667,,
,,,
2246000,267.0269667,,
,,,
2247000,267.0269667,,
,,,
2248000,265.1903667,,
,,,
2249000,265.1903667,,
,,,
2250000,265.1903667,,
,,,
2251000,265.1903667,,
,,,
2252000,267.8409667,,
,,,
2253000,267.8409667,,
,,,
2254000,267.8409667,,
,,,
2255000,267.8409667,,
,,,
2256000,265.0165333,,
,,,
2257000,265.0165333,,
,,,
2258000,265.0165333,,
,,,
2259000,265.0165333,,
,,,
2260000,270.1318333,,
,,,
2261000,270.1318333,,
,,,
2262000,270.1318333,,
,,,
2263000,270.1318333,,
,,,
2264000,270.1318333,,
,,,
2265000,270.1318333,,
,,,
2266000,276.3964667,,
,,,
2267000,276.3964667,,
,,,
2268000,276.3964667,,
,,,
2269000,276.3964667,,
,,,
2270000,281.0716,,
,,,
2271000,281.0716,,
,,,
2272000,281.0716,,
,,,
2273000,281.0716,,
,,,
2274000,281.0716,,
,,,
2275000,280.1487,,
,,,
2276000,280.1487,,
,,,
2277000,280.1487,,
,,,
2278000,280.1487,,
,,,
2279000,285.8024333,,
,,,
2280000,285.8024333,,
,,,
2281000,285.8024333,,
,,,
2282000,285.8024333,,
,,,
2283000,287.4769,,
,,,
2284000,287.4769,,
,,,
2285000,287.4769,,
,,,
2286000,287.4769,,
,,,
2287000,287.4769,,
,,,
2288000,287.3966,,
,,,
2289000,287.3966,,
,,,
2290000,287.3966,,
,,,
2291000,287.3966,,
,,,
2292000,287.3966,,
,,,
2293000,290.9915333,,
,,,
2294000,290.9915333,,
,,,
2295000,290.9915333,,
,,,
2296000,290.9915333,,
,,,
2297000,290.9915333,,
,,,
2298000,291.3973667,,
,,,
2299000,291.3973667,,
,,,
2300000,291.3973667,,
,,,
2301000,291.3973667,,
,,,
2302000,291.3973667,,
,,,
2303000,291.3973667,,
,,,
2304000,292.8863667,,
,,,
2305000,292.8863667,,
,,,
2306000,292.8863667,,
,,,
2307000,292.8863667,,
,,,
2308000,293.1605667,,
,,,
2309000,293.1605667,,
,,,
2310000,293.1605667,,
,,,
2311000,293.1605667,,
,,,
2312000,293.1605667,,
,,,
2313000,296.7187,,
,,,
2314000,296.7187,,
,,,
2315000,296.7187,,
,,,
2316000,296.7187,,
,,,
2317000,296.7187,,
,,,
2318000,299.1904667,,
,,,
2319000,299.1904667,,
,,,
2320000,299.1904667,,
,,,
2321000,299.1904667,,
,,,
2322000,299.0226667,,
,,,
2323000,299.0226667,,
,,,
2324000,299.0226667,,
,,,
2325000,299.0226667,,
,,,
2326000,299.0226667,,
,,,
2327000,307.4985333,,
,,,
2328000,307.4985333,,
,,,
2329000,307.4985333,,
,,,
2330000,307.4985333,,
,,,
2331000,306.5711333,,
,,,
2332000,306.5711333,,
,,,
2333000,306.5711333,,
,,,
2334000,306.5711333,,
,,,
2335000,306.5711333,,
,,,
2336000,305.4337333,,
,,,
2337000,305.4337333,,
,,,
2338000,305.4337333,,
,,,
2339000,305.4337333,,
,,,
2340000,304.6999,,
,,,
2341000,304.6999,,
,,,
2342000,304.6999,,
,,,
2343000,304.6999,,
,,,
2344000,304.6999,,
,,,
2345000,301.0166333,,
,,,
2346000,301.0166333,,
,,,
2347000,301.0166333,,
,,,
2348000,301.0166333,,
,,,
2349000,301.0166333,,
,,,
2350000,301.0166333,,
,,,
2351000,300.3947,,
,,,
2352000,300.3947,,
,,,
2353000,300.3947,,
,,,
2354000,300.3947,,
,,,
2355000,303.5497666,,
,,,
2356000,303.5497666,,
,,,
2357000,303.5497666,,
,,,
2358000,303.5497666,,
,,,
2359000,303.5497666,,
,,,
2360000,308.1679,,
,,,
2361000,308.1679,,
,,,
2362000,308.1679,,
,,,
2363000,308.1679,,
,,,
2364000,308.1679,,
,,,
2365000,308.1679,,
,,,
2366000,305.3454,,
,,,
2367000,305.3454,,
,,,
2368000,305.3454,,
,,,
2369000,298.5009,,
,,,
2370000,298.5009,,
,,,
2371000,298.5009,,
,,,
2372000,298.5009,,
,,,
2373000,298.5009,,
,,,
2374000,301.9123333,,
,,,
2375000,301.9123333,,
,,,
2376000,301.9123333,,
,,,
2377000,301.9123333,,
,,,
2378000,301.9123333,,
,,,
2379000,301.9123333,,
,,,
2380000,302.2195666,,
,,,
2381000,302.2195666,,
,,,
2382000,302.2195666,,
,,,
2383000,302.2195666,,
,,,
2384000,302.2195666,,
,,,
2385000,302.2195666,,
,,,
2386000,303.9715333,,
,,,
2387000,303.9715333,,
,,,
2388000,303.9715333,,
,,,
2389000,303.9715333,,
,,,
2390000,303.9715333,,
,,,
2391000,303.9715333,,
,,,
2392000,303.9715333,,
,,,
2393000,305.8592,,
,,,
2394000,305.8592,,
,,,
2395000,305.8592,,
,,,
2396000,305.8592,,
,,,
2397000,305.8592,,
,,,
2398000,306.6631333,,
,,,
2399000,306.6631333,,
,,,
2400000,306.6631333,,
,,,
2401000,306.6631333,,
,,,
2402000,306.6631333,,
,,,
2403000,308.9338333,,
,,,
2404000,308.9338333,,
,,,
2405000,308.9338333,,
,,,
2406000,308.9338333,,
,,,
2407000,308.9338333,,
,,,
2408000,315.9365333,,
,,,
2409000,315.9365333,,
,,,
2410000,315.9365333,,
,,,
2411000,313.5380333,,
,,,
2412000,313.5380333,,
,,,
2413000,313.5380333,,
,,,
2414000,313.5380333,,
,,,
2415000,313.5380333,,
,,,
2416000,307.1792,,
,,,
2417000,307.1792,,
,,,
2418000,307.1792,,
,,,
2419000,307.1792,,
,,,
2420000,307.1792,,
,,,
2421000,307.1792,,
,,,
2422000,307.1792,,
,,,
2423000,312.9078666,,
,,,
2424000,312.9078666,,
,,,
2425000,312.9078666,,
,,,
2426000,312.9078666,,
,,,
2427000,312.9078666,,
,,,
2428000,318.5448666,,
,,,
2429000,318.5448666,,
,,,
2430000,318.5448666,,
,,,
2431000,318.5448666,,
,,,
2432000,318.1752666,,
,,,
2433000,318.1752666,,
,,,
2434000,318.1752666,,
,,,
2435000,318.1752666,,
,,,
2436000,318.1752666,,
,,,
2437000,317.9633,,
,,,
2438000,317.9633,,
,,,
2439000,317.9633,,
,,,
2440000,317.9633,,
,,,
2441000,317.9633,,
,,,
2442000,317.7825,,
,,,
2443000,317.7825,,
,,,
2444000,317.7825,,
,,,
2445000,317.7825,,
,,,
2446000,317.7825,,
,,,
2447000,317.7825,,
,,,
2448000,317.7825,,
,,,
2449000,328.5241666,,
,,,
2450000,328.5241666,,
,,,
2451000,328.5241666,,
,,,
2452000,328.5241666,,
,,,
2453000,328.5241666,,
,,,
2454000,320.7648,,
,,,
2455000,320.7648,,
,,,
2456000,320.7648,,
,,,
2457000,320.7648,,
,,,
2458000,321.4367,,
,,,
2459000,321.4367,,
,,,
2460000,321.4367,,
,,,
2461000,321.4367,,
,,,
2462000,321.4367,,
,,,
2463000,321.4494,,
,,,
2464000,321.4494,,
,,,
2465000,321.4494,,
,,,
2466000,321.4494,,
,,,
2467000,321.4494,,
,,,
2468000,321.4494,,
,,,
2469000,323.1956666,,
,,,
2470000,323.1956666,,
,,,
2471000,323.1956666,,
,,,
2472000,323.1956666,,
,,,
2473000,324.9777,,
,,,
2474000,324.9777,,
,,,
2475000,324.9777,,
,,,
2476000,324.9777,,
,,,
2477000,322.8729,,
,,,
2478000,322.8729,,
,,,
2479000,322.8729,,
,,,
2480000,322.8729,,
,,,
2481000,315.993,,
,,,
2482000,315.993,,
,,,
2483000,315.993,,
,,,
2484000,315.993,,
,,,
2485000,315.993,,
,,,
2486000,315.993,,
,,,
2487000,315.993,,
,,,
2488000,315.993,,
,,,
2489000,320.8231,,
,,,
2490000,320.8231,,
,,,
2491000,320.8231,,
,,,
2492000,320.8231,,
,,,
2493000,320.8231,,
,,,
2494000,324.5713333,,
,,,
2495000,324.5713333,,
,,,
2496000,324.5713333,,
,,,
2497000,324.5713333,,
,,,
2498000,320.0781333,,
,,,
2499000,320.0781333,,
,,,
2500000,320.0781333,,
