Num timestep,mean reward
3000,-41.196667
4000,-41.196667
5000,-41.196667
6000,-73.104167
7000,-73.104167
8000,-47.990555666666666
9000,-47.990555666666666
10000,-64.0575
11000,-64.0575
12000,-64.0575
13000,-23.880333400000005
14000,-23.880333400000005
15000,-23.880333400000005
16000,-17.898611166666672
17000,-17.898611166666672
18000,-3.2926191428571463
19000,-3.2926191428571463
20000,-3.2926191428571463
21000,26.847708249999997
22000,26.847708249999997
23000,26.847708249999997
24000,46.71925922222222
25000,46.71925922222222
26000,46.71925922222222
27000,71.22749999999999
28000,71.22749999999999
29000,71.22749999999999
30000,61.35424245454545
31000,61.35424245454545
32000,61.35424245454545
33000,73.62847225
34000,73.62847225
35000,82.03064107692308
36000,82.03064107692308
37000,82.03064107692308
38000,90.99571435714286
39000,90.99571435714286
40000,90.99571435714286
41000,100.98633339999999
42000,100.98633339999999
43000,100.98633339999999
44000,101.6175000625
45000,101.6175000625
46000,101.6175000625
47000,108.0212745882353
48000,108.0212745882353
49000,108.0212745882353
50000,108.69722227777778
51000,108.69722227777778
52000,105.78929831578948
53000,105.78929831578948
54000,105.78929831578948
55000,109.3425834
56000,109.3425834
57000,109.3425834
58000,117.41087309523809
59000,117.41087309523809
60000,117.41087309523809
61000,123.81522736363635
62000,123.81522736363635
63000,123.81522736363635
64000,128.17536239130433
65000,128.17536239130433
66000,128.17536239130433
67000,128.85812508333333
68000,128.85812508333333
69000,128.85812508333333
70000,129.4929334
71000,129.4929334
72000,129.4929334
73000,128.98083338461538
74000,128.98083338461538
75000,128.04061733333333
76000,128.04061733333333
77000,128.04061733333333
78000,119.51434528571427
79000,119.51434528571427
80000,119.51434528571427
81000,120.45994258620688
82000,120.45994258620688
83000,120.45994258620688
84000,120.45994258620688
85000,121.53433339999998
86000,121.53433339999998
87000,121.53433339999998
88000,123.73010758064514
89000,123.73010758064514
90000,123.73010758064514
91000,121.6931250625
92000,121.6931250625
93000,121.6931250625
94000,118.7584343939394
95000,118.7584343939394
96000,118.7584343939394
97000,115.20308829411765
98000,115.20308829411765
99000,115.20308829411765
100000,111.35676197142857
101000,111.35676197142857
102000,111.35676197142857
103000,110.60490747222222
104000,110.60490747222222
105000,110.60490747222222
106000,112.9562613243243
107000,112.9562613243243
108000,112.9562613243243
109000,115.69109655263156
110000,115.69109655263156
111000,115.69109655263156
112000,115.69109655263156
113000,111.18461543589743
114000,111.18461543589743
115000,111.18461543589743
116000,98.937041725
117000,98.937041725
118000,98.937041725
119000,93.80211387804879
120000,93.80211387804879
121000,89.44420640476191
122000,89.44420640476191
123000,89.44420640476191
124000,90.10232562790698
125000,90.10232562790698
126000,90.10232562790698
127000,87.47280306818183
128000,87.47280306818183
129000,87.47280306818183
130000,87.47280306818183
131000,77.37229633333334
132000,77.37229633333334
133000,77.37229633333334
134000,77.37229633333334
135000,71.7328623478261
136000,71.7328623478261
137000,71.7328623478261
138000,72.24234044680851
139000,72.24234044680851
140000,72.24234044680851
141000,74.39128475000001
142000,74.39128475000001
143000,74.39128475000001
144000,69.15265308163266
145000,69.15265308163266
146000,69.15265308163266
147000,64.79393336000001
148000,64.79393336000001
149000,64.79393336000001
150000,57.899033360000004
151000,57.899033360000004
152000,57.899033360000004
153000,59.0911667
154000,59.0911667
155000,59.0911667
156000,52.118333359999994
157000,52.118333359999994
158000,52.118333359999994
159000,55.57763336000001
160000,55.57763336000001
161000,55.57763336000001
162000,50.5145667
163000,50.5145667
164000,50.5145667
165000,50.5145667
166000,46.21426670000001
167000,46.21426670000001
168000,46.21426670000001
169000,35.6501667
170000,35.6501667
171000,35.6501667
172000,35.6501667
173000,29.32020004
174000,29.32020004
175000,29.32020004
176000,12.47773336
177000,12.47773336
178000,6.020266680000008
179000,6.020266680000008
180000,6.020266680000008
181000,3.3018333400000053
182000,3.3018333400000053
183000,3.3018333400000053
184000,-3.832399999999993
185000,-3.832399999999993
186000,-3.832399999999993
187000,-3.832399999999993
188000,-8.535566680000002
189000,-8.535566680000002
190000,-8.535566680000002
191000,-11.01303336
192000,-11.01303336
193000,-11.01303336
194000,-17.72083336
195000,-17.72083336
196000,-17.72083336
197000,-17.166166699999994
198000,-17.166166699999994
199000,-17.166166699999994
200000,-23.005133380000004
201000,-23.005133380000004
202000,-23.005133380000004
203000,-27.226066699999993
204000,-27.226066699999993
205000,-27.226066699999993
206000,-27.226066699999993
207000,-25.2376667
208000,-25.2376667
209000,-25.2376667
210000,-39.41823336
211000,-39.41823336
212000,-39.41823336
213000,-46.65160003999999
214000,-46.65160003999999
215000,-46.65160003999999
216000,-54.431333379999984
217000,-54.431333379999984
218000,-54.431333379999984
219000,-54.431333379999984
220000,-60.14410003999999
221000,-60.14410003999999
222000,-65.40886671999999
223000,-65.40886671999999
224000,-65.40886671999999
225000,-65.40886671999999
226000,-72.41286672
227000,-72.41286672
228000,-72.41286672
229000,-74.63493338
230000,-74.63493338
231000,-74.63493338
232000,-73.22950004
233000,-73.22950004
234000,-73.22950004
235000,-67.91563337999999
236000,-67.91563337999999
237000,-67.91563337999999
238000,-67.91563337999999
239000,-78.65530006
240000,-78.65530006
241000,-78.65530006
242000,-85.35740006
243000,-85.35740006
244000,-85.35740006
245000,-85.35740006
246000,-89.07610006
247000,-89.07610006
248000,-89.07610006
249000,-87.20996674
250000,-87.20996674
251000,-87.20996674
252000,-83.32536673999999
253000,-83.32536673999999
254000,-83.32536673999999
255000,-78.28093341999998
256000,-78.28093341999998
257000,-78.28093341999998
258000,-78.28093341999998
259000,-79.63073342000001
260000,-79.63073342000001
261000,-79.63073342000001
262000,-80.90303341999999
263000,-80.90303341999999
264000,-80.90303341999999
265000,-82.96110007999998
266000,-82.96110007999998
267000,-82.96110007999998
268000,-88.05806673999997
269000,-88.05806673999997
270000,-88.05806673999997
271000,-86.7170334
272000,-86.7170334
273000,-86.7170334
274000,-86.7170334
275000,-77.0637334
276000,-77.0637334
277000,-77.0637334
278000,-71.30486674
279000,-71.30486674
280000,-71.30486674
281000,-69.93250008
282000,-69.93250008
283000,-69.93250008
284000,-74.04116674
285000,-74.04116674
286000,-74.04116674
287000,-74.04116674
288000,-74.0355334
289000,-74.0355334
290000,-74.0355334
291000,-61.73920006000001
292000,-61.73920006000001
293000,-61.73920006000001
294000,-55.31300005999999
295000,-55.31300005999999
296000,-55.31300005999999
297000,-62.20363337999999
298000,-62.20363337999999
299000,-62.20363337999999
300000,-63.85050005999999
301000,-63.85050005999999
302000,-63.85050005999999
303000,-63.85050005999999
304000,-60.082700059999986
305000,-60.082700059999986
306000,-60.082700059999986
307000,-60.12623339999999
308000,-60.12623339999999
309000,-60.12623339999999
310000,-49.460566719999996
311000,-49.460566719999996
312000,-49.460566719999996
313000,-49.460566719999996
314000,-43.59476671999999
315000,-43.59476671999999
316000,-43.59476671999999
317000,-34.63676672
318000,-34.63676672
319000,-34.63676672
320000,-32.229666720000004
321000,-32.229666720000004
322000,-32.229666720000004
323000,-28.32410006
324000,-28.32410006
325000,-28.32410006
326000,-25.0773334
327000,-25.0773334
328000,-25.0773334
329000,-12.328366719999998
330000,-12.328366719999998
331000,-12.328366719999998
332000,-12.328366719999998
333000,-21.695566720000002
334000,-21.695566720000002
335000,-21.695566720000002
336000,-11.415366719999998
337000,-11.415366719999998
338000,-11.415366719999998
339000,-11.415366719999998
340000,-9.350200039999999
341000,-9.350200039999999
342000,-9.350200039999999
343000,-5.539166699999998
344000,-5.539166699999998
345000,-5.539166699999998
346000,-1.9174000199999983
347000,-1.9174000199999983
348000,-1.9174000199999983
349000,-2.826233339999998
350000,-2.826233339999998
351000,-2.826233339999998
352000,-2.826233339999998
353000,-2.847
354000,-2.847
355000,-2.847
356000,-0.9875999999999999
357000,-0.9875999999999999
358000,-0.9875999999999999
359000,1.9621999999999997
360000,1.9621999999999997
361000,1.9621999999999997
362000,1.657966680000001
363000,1.657966680000001
364000,1.657966680000001
365000,1.657966680000001
366000,1.369733339999999
367000,1.369733339999999
368000,1.369733339999999
369000,1.1363999999999996
370000,1.1363999999999996
371000,1.1363999999999996
372000,10.902933319999997
373000,10.902933319999997
374000,10.902933319999997
375000,12.019099999999998
376000,12.019099999999998
377000,12.019099999999998
378000,12.019099999999998
379000,19.91363334
380000,19.91363334
381000,19.91363334
382000,23.16023334
383000,23.16023334
384000,23.16023334
385000,26.047233340000002
386000,26.047233340000002
387000,26.047233340000002
388000,33.16423333999999
389000,33.16423333999999
390000,33.16423333999999
391000,36.66563333999999
392000,36.66563333999999
393000,36.66563333999999
394000,36.66563333999999
395000,33.722833339999994
396000,33.722833339999994
397000,33.722833339999994
398000,31.028666679999997
399000,31.028666679999997
400000,31.028666679999997
401000,26.14936668
402000,26.14936668
403000,26.14936668
404000,33.030499999999996
405000,33.030499999999996
406000,33.030499999999996
407000,34.01616668
408000,34.01616668
409000,34.01616668
410000,34.01616668
411000,34.71746668
412000,34.71746668
413000,34.71746668
414000,34.71746668
415000,35.04770002
416000,35.04770002
417000,35.04770002
418000,31.868866699999998
419000,31.868866699999998
420000,31.868866699999998
421000,38.57890002
422000,38.57890002
423000,38.57890002
424000,38.57890002
425000,39.86193336
426000,39.86193336
427000,39.86193336
428000,43.60320002
429000,43.60320002
430000,43.60320002
431000,48.37750002
432000,48.37750002
433000,48.37750002
434000,45.68320002
435000,45.68320002
436000,45.68320002
437000,45.68320002
438000,45.13123334
439000,45.13123334
440000,45.13123334
441000,46.822233340000004
442000,46.822233340000004
443000,46.822233340000004
444000,50.912800020000006
445000,50.912800020000006
446000,50.912800020000006
447000,50.912800020000006
448000,54.725166679999994
449000,54.725166679999994
450000,54.725166679999994
451000,60.18673333999999
452000,60.18673333999999
453000,60.18673333999999
454000,60.18673333999999
455000,54.56666665999999
456000,54.56666665999999
457000,54.56666665999999
458000,52.32793334
459000,52.32793334
460000,52.32793334
461000,61.876433340000006
462000,61.876433340000006
463000,61.876433340000006
464000,62.76750002000001
465000,62.76750002000001
466000,62.76750002000001
467000,62.81863335999999
468000,62.81863335999999
469000,62.81863335999999
470000,66.48443336
471000,66.48443336
472000,66.48443336
473000,61.20520002
474000,61.20520002
475000,61.20520002
476000,59.11873336000001
477000,59.11873336000001
478000,59.11873336000001
479000,59.66343336
480000,59.66343336
481000,59.66343336
482000,57.27846668
483000,57.27846668
484000,57.27846668
485000,57.27846668
486000,57.93773336
487000,57.93773336
488000,57.93773336
489000,57.93773336
490000,59.72180004
491000,59.72180004
492000,59.72180004
493000,59.679566699999995
494000,59.679566699999995
495000,59.679566699999995
496000,75.58046669999999
497000,75.58046669999999
498000,75.58046669999999
499000,75.58046669999999
500000,82.38040003999998
501000,82.38040003999998
502000,82.38040003999998
503000,84.76690004
504000,84.76690004
505000,84.76690004
506000,88.2069667
507000,88.2069667
508000,88.2069667
509000,93.53940002000002
510000,93.53940002000002
511000,93.53940002000002
512000,93.53940002000002
513000,100.98310002
514000,100.98310002
515000,99.68343336000002
516000,99.68343336000002
517000,99.68343336000002
518000,99.68343336000002
519000,103.64980002
520000,103.64980002
521000,103.64980002
522000,97.20280002
523000,97.20280002
524000,97.20280002
525000,101.78960002
526000,101.78960002
527000,101.78960002
528000,104.16760002000001
529000,104.16760002000001
530000,104.16760002000001
531000,104.16760002000001
532000,107.34326668
533000,107.34326668
534000,107.34326668
535000,112.25376668000001
536000,112.25376668000001
537000,112.25376668000001
538000,117.49706668
539000,117.49706668
540000,117.49706668
541000,117.49706668
542000,117.47023334000001
543000,117.47023334000001
544000,117.47023334000001
545000,118.29209999999999
546000,118.29209999999999
547000,118.29209999999999
548000,111.88206668
549000,111.88206668
550000,111.88206668
551000,111.88206668
552000,113.43193336
553000,113.43193336
554000,113.43193336
555000,110.93653336000001
556000,110.93653336000001
557000,110.93653336000001
558000,112.94070002000002
559000,112.94070002000002
560000,112.94070002000002
561000,112.94070002000002
562000,112.97370002
563000,112.97370002
564000,112.97370002
565000,112.97370002
566000,129.0558667
567000,129.0558667
568000,129.0558667
569000,128.21723338
570000,128.21723338
571000,128.21723338
572000,128.42690004
573000,128.42690004
574000,128.42690004
575000,128.42690004
576000,128.16176672
577000,128.16176672
578000,128.16176672
579000,128.16176672
580000,127.79910006000001
581000,127.79910006000001
582000,127.79910006000001
583000,125.46106672
584000,125.46106672
585000,125.46106672
586000,125.46106672
587000,123.49390006
588000,123.49390006
589000,121.39070006
590000,121.39070006
591000,121.39070006
592000,121.39070006
593000,119.61450006000001
594000,119.61450006000001
595000,119.61450006000001
596000,118.31390006
597000,118.31390006
598000,118.31390006
599000,126.4739334
600000,126.4739334
601000,126.4739334
602000,129.46120008
603000,129.46120008
604000,129.46120008
605000,129.46120008
606000,129.46120008
607000,128.62723341999998
608000,128.62723341999998
609000,128.62723341999998
610000,129.43223342000002
611000,129.43223342000002
612000,129.43223342000002
613000,129.56036676000002
614000,129.56036676000002
615000,129.56036676000002
616000,129.56036676000002
617000,127.79480009999999
618000,127.79480009999999
619000,127.79480009999999
620000,133.55056678
621000,133.55056678
622000,133.55056678
623000,133.55056678
624000,134.99300010000002
625000,134.99300010000002
626000,134.99300010000002
627000,135.3932001
628000,135.3932001
629000,135.3932001
630000,135.3932001
631000,127.66513342000002
632000,127.66513342000002
633000,127.66513342000002
634000,131.44953342
635000,131.44953342
636000,131.44953342
637000,133.89263342
638000,133.89263342
639000,133.89263342
640000,133.89263342
641000,139.17000008
642000,139.17000008
643000,139.17000008
644000,138.84300008
645000,138.84300008
646000,138.84300008
647000,138.84300008
648000,142.23870008
649000,142.23870008
650000,142.23870008
651000,143.02500007999998
652000,143.02500007999998
653000,143.02500007999998
654000,145.9869334
655000,145.9869334
656000,145.9869334
657000,145.9869334
658000,147.1486334
659000,147.1486334
660000,147.1486334
661000,147.20950006
662000,147.20950006
663000,147.20950006
664000,146.04870006
665000,146.04870006
666000,146.04870006
667000,146.98266672
668000,146.98266672
669000,146.98266672
670000,146.98266672
671000,150.63846672
672000,150.63846672
673000,150.63846672
674000,150.18636672
675000,150.18636672
676000,150.18636672
677000,150.18636672
678000,144.52240006
679000,144.52240006
680000,144.52240006
681000,144.11736671999998
682000,144.11736671999998
683000,144.11736671999998
684000,144.11736671999998
685000,146.38213338
686000,146.38213338
687000,146.38213338
688000,146.38213338
689000,148.56503338000002
690000,148.56503338000002
691000,148.56503338000002
692000,149.07576672
693000,149.07576672
694000,149.07576672
695000,149.07576672
696000,150.68153338
697000,150.68153338
698000,150.68153338
699000,152.61466672
700000,152.61466672
701000,152.61466672
702000,151.65306672000003
703000,151.65306672000003
704000,151.65306672000003
705000,152.72673340000003
706000,152.72673340000003
707000,152.72673340000003
708000,152.72673340000003
709000,154.84480006
710000,154.84480006
711000,154.84480006
712000,152.85796672
713000,152.85796672
714000,152.85796672
715000,153.5689334
716000,153.5689334
717000,153.5689334
718000,161.08286672
719000,161.08286672
720000,161.08286672
721000,161.08286672
722000,156.76203338000002
723000,156.76203338000002
724000,156.76203338000002
725000,155.92596672000002
726000,155.92596672000002
727000,155.92596672000002
728000,155.92596672000002
729000,153.65053338
730000,153.65053338
731000,153.65053338
732000,153.07720004000004
733000,153.07720004000004
734000,152.6332667
735000,152.6332667
736000,152.6332667
737000,152.6332667
738000,154.00926669999998
739000,154.00926669999998
740000,154.00926669999998
741000,154.00926669999998
742000,158.27080003999998
743000,158.27080003999998
744000,158.27080003999998
745000,158.26173336
746000,158.26173336
747000,158.26173336
748000,158.26173336
749000,154.84136668000002
750000,154.84136668000002
751000,154.84136668000002
752000,156.25423334
753000,156.25423334
754000,156.25423334
755000,154.6576
756000,154.6576
757000,154.6576
758000,157.75236665999998
759000,157.75236665999998
760000,157.75236665999998
761000,156.2826
762000,156.2826
763000,156.2826
764000,156.2826
765000,157.39693332
766000,157.39693332
767000,157.39693332
768000,153.09693332
769000,153.09693332
770000,153.09693332
771000,150.23866664
772000,150.23866664
773000,150.23866664
774000,150.23866664
775000,148.42296664
776000,148.42296664
777000,148.42296664
778000,148.42296664
779000,148.58759996
780000,148.58759996
781000,148.58759996
782000,148.3876333
783000,148.3876333
784000,148.3876333
785000,148.3876333
786000,147.83819996
787000,147.83819996
788000,147.83819996
789000,147.61246662
790000,147.61246662
791000,147.61246662
792000,148.89053330000002
793000,148.89053330000002
794000,148.89053330000002
795000,148.81246661999998
796000,148.81246661999998
797000,148.81246661999998
798000,155.6418333
799000,155.6418333
800000,155.6418333
801000,154.9521333
802000,154.9521333
803000,154.9521333
804000,154.9521333
805000,153.03486664
806000,153.03486664
807000,153.03486664
808000,151.14979997999998
809000,151.14979997999998
810000,151.14979997999998
811000,150.85929997999997
812000,150.85929997999997
813000,150.85929997999997
814000,149.34866664
815000,149.34866664
816000,149.34866664
817000,150.28566664
818000,150.28566664
819000,150.28566664
820000,150.28566664
821000,147.67539998
822000,147.67539998
823000,147.67539998
824000,147.67539998
825000,147.31369998
826000,147.31369998
827000,147.31369998
828000,147.31369998
829000,145.70396666
830000,145.70396666
831000,145.70396666
832000,145.70396666
833000,141.87053332
834000,141.87053332
835000,141.87053332
836000,140.92950000000002
837000,140.92950000000002
838000,140.92950000000002
839000,140.92950000000002
840000,133.95233331999998
841000,133.95233331999998
842000,133.95233331999998
843000,133.47123331999998
844000,133.47123331999998
845000,133.47123331999998
846000,133.02803332
847000,133.02803332
848000,133.02803332
849000,133.02803332
850000,133.02803332
851000,132.57173332
852000,132.57173332
853000,132.57173332
854000,135.37509998
855000,135.37509998
856000,135.37509998
857000,135.37509998
858000,133.64706666
859000,133.64706666
860000,133.64706666
861000,133.64706666
862000,135.77883332000002
863000,135.77883332000002
864000,135.77883332000002
865000,136.55643331999997
866000,136.55643331999997
867000,136.55643331999997
868000,136.55643331999997
869000,137.07496663999999
870000,137.07496663999999
871000,137.07496663999999
872000,136.70843331999998
873000,136.70843331999998
874000,136.70843331999998
875000,134.33183332000002
876000,134.33183332000002
877000,134.33183332000002
878000,134.33183332000002
879000,128.24746666000001
880000,128.24746666000001
881000,128.24746666000001
882000,128.24746666000001
883000,128.19533334
884000,128.19533334
885000,128.19533334
886000,125.98303333999998
887000,125.98303333999998
888000,125.98303333999998
889000,125.20880002000001
890000,125.20880002000001
891000,125.20880002000001
892000,126.96180002
893000,126.96180002
894000,126.96180002
895000,126.96180002
896000,130.24853334000002
897000,130.24853334000002
898000,130.24853334000002
899000,130.24853334000002
900000,133.18146668
901000,133.18146668
902000,133.18146668
903000,138.67890002000001
904000,138.67890002000001
905000,138.67890002000001
906000,138.67890002000001
907000,133.40523336
908000,133.40523336
909000,133.40523336
910000,133.53153336
911000,133.53153336
912000,133.53153336
913000,131.34050002
914000,131.34050002
915000,131.34050002
916000,131.34050002
917000,129.0451667
918000,129.0451667
919000,129.0451667
920000,130.63936669999998
921000,130.63936669999998
922000,130.63936669999998
923000,130.63936669999998
924000,130.63936669999998
925000,136.33513338
926000,136.33513338
927000,136.33513338
928000,136.17366672
929000,136.17366672
930000,136.17366672
931000,136.17366672
932000,137.22550006
933000,137.22550006
934000,137.22550006
935000,137.22550006
936000,137.61936672
937000,137.61936672
938000,137.61936672
939000,137.1732334
940000,137.1732334
941000,137.1732334
942000,137.1732334
943000,139.12370006
944000,139.12370006
945000,139.12370006
946000,139.12370006
947000,140.84246674000002
948000,140.84246674000002
949000,140.84246674000002
950000,140.84246674000002
951000,141.83796673999998
952000,141.83796673999998
953000,141.83796673999998
954000,141.83796673999998
955000,139.61143342000003
956000,139.61143342000003
957000,139.61143342000003
958000,139.61143342000003
959000,141.06650008
960000,141.06650008
961000,141.06650008
962000,138.91736676
963000,138.91736676
964000,138.91736676
965000,134.80803342
966000,134.80803342
967000,134.80803342
968000,136.87333342000002
969000,136.87333342000002
970000,136.87333342000002
971000,136.87333342000002
972000,135.26456676
973000,135.26456676
974000,135.26456676
975000,135.26456676
976000,137.19036676
977000,137.19036676
978000,137.19036676
979000,135.85833342
980000,135.85833342
981000,135.85833342
982000,135.85833342
983000,135.27600008
984000,135.27600008
985000,135.27600008
986000,139.28943342
987000,139.28943342
988000,139.28943342
989000,139.28943342
990000,142.38770008
991000,142.38770008
992000,142.38770008
993000,142.38770008
994000,138.21363341999998
995000,138.21363341999998
996000,138.21363341999998
997000,138.21363341999998
998000,136.37226676
999000,136.37226676
1000000,136.37226676
1001000,136.37226676
1002000,136.37226676
1003000,141.06106676
1004000,141.06106676
1005000,141.06106676
1006000,145.32676676
1007000,145.32676676
1008000,145.32676676
1009000,145.32676676
1010000,148.26466676
1011000,148.26466676
1012000,148.26466676
1013000,148.26466676
1014000,148.26466676
1015000,151.96073342
1016000,151.96073342
1017000,151.96073342
1018000,151.96073342
1019000,154.71723342
1020000,154.71723342
1021000,154.71723342
1022000,154.71723342
1023000,159.21256676
1024000,159.21256676
1025000,159.21256676
1026000,160.57356676
1027000,160.57356676
1028000,160.57356676
1029000,160.57356676
1030000,162.18093342
1031000,162.18093342
1032000,162.18093342
1033000,158.12856676
1034000,158.12856676
1035000,158.12856676
1036000,158.12856676
1037000,156.15826675999998
1038000,156.15826675999998
1039000,156.15826675999998
1040000,156.15826675999998
1041000,156.15826675999998
1042000,156.43493342
1043000,156.43493342
1044000,156.43493342
1045000,156.43493342
1046000,155.86153342
1047000,155.86153342
1048000,155.86153342
1049000,155.86153342
1050000,154.61286676
1051000,154.61286676
1052000,154.61286676
1053000,155.50266675999998
1054000,155.50266675999998
1055000,155.50266675999998
1056000,154.39813342000002
1057000,154.39813342000002
1058000,154.39813342000002
1059000,154.39813342000002
1060000,154.39813342000002
1061000,153.89463342000002
1062000,153.89463342000002
1063000,153.89463342000002
1064000,155.88983342
1065000,155.88983342
1066000,155.88983342
1067000,155.11786674
1068000,155.11786674
1069000,155.11786674
1070000,155.11786674
1071000,157.64306674000002
1072000,157.64306674000002
1073000,157.64306674000002
1074000,157.64306674000002
1075000,161.03800006
1076000,161.03800006
1077000,161.03800006
1078000,149.39163340000002
1079000,149.39163340000002
1080000,149.39163340000002
1081000,149.39163340000002
1082000,149.1262334
1083000,149.1262334
1084000,149.1262334
1085000,149.1262334
1086000,147.3595334
1087000,147.3595334
1088000,147.3595334
1089000,145.91980006000003
1090000,145.91980006000003
1091000,145.91980006000003
1092000,145.91980006000003
1093000,150.63970006
1094000,150.63970006
1095000,150.63970006
1096000,150.63970006
1097000,149.90630006
1098000,149.90630006
1099000,149.90630006
1100000,149.90630006
1101000,143.78870006
1102000,143.78870006
1103000,143.78870006
1104000,143.78870006
1105000,145.76780005999998
1106000,145.76780005999998
1107000,145.76780005999998
1108000,147.81836674
1109000,147.81836674
1110000,147.81836674
1111000,147.81836674
1112000,140.71940006
1113000,140.71940006
1114000,140.71940006
1115000,143.89303339999998
1116000,143.89303339999998
1117000,143.89303339999998
1118000,143.89303339999998
1119000,141.70386671999998
1120000,141.70386671999998
1121000,141.70386671999998
1122000,140.56310006
1123000,140.56310006
1124000,140.56310006
1125000,136.45900006
1126000,136.45900006
1127000,136.45900006
1128000,136.45900006
1129000,136.52143339999998
1130000,136.52143339999998
1131000,136.52143339999998
1132000,135.97600006
1133000,135.97600006
1134000,135.97600006
1135000,137.82996672
1136000,137.82996672
1137000,137.82996672
1138000,132.36196671999997
1139000,132.36196671999997
1140000,132.36196671999997
1141000,132.03513338000002
1142000,132.03513338000002
1143000,132.03513338000002
1144000,132.03513338000002
1145000,134.3160667
1146000,134.3160667
1147000,134.3160667
1148000,134.3160667
1149000,136.13450004
1150000,136.13450004
1151000,136.13450004
1152000,132.41320004000002
1153000,132.41320004000002
1154000,132.41320004000002
1155000,131.83933338
1156000,131.83933338
1157000,131.83933338
1158000,131.83933338
1159000,131.83933338
1160000,133.81353338
1161000,133.81353338
1162000,133.81353338
1163000,134.14493338
1164000,134.14493338
1165000,134.14493338
1166000,138.99923338
1167000,138.99923338
1168000,138.99923338
1169000,138.99923338
1170000,137.73140003999998
1171000,137.73140003999998
1172000,137.73140003999998
1173000,137.73140003999998
1174000,136.6188667
1175000,136.6188667
1176000,136.6188667
1177000,140.4081667
1178000,140.4081667
1179000,140.4081667
1180000,139.66483336
1181000,139.66483336
1182000,139.66483336
1183000,139.66483336
1184000,137.99633336
1185000,137.99633336
1186000,137.99633336
1187000,132.62576668
1188000,132.62576668
1189000,132.62576668
1190000,132.62576668
1191000,130.43130000000002
1192000,130.43130000000002
1193000,130.43130000000002
1194000,129.86266668
1195000,129.86266668
1196000,129.86266668
1197000,129.86266668
1198000,124.72013333999999
1199000,124.72013333999999
1200000,124.72013333999999
1201000,124.72013333999999
1202000,124.54330000000002
1203000,124.54330000000002
1204000,124.54330000000002
1205000,117.07863334000001
1206000,117.07863334000001
1207000,117.07863334000001
1208000,117.07863334000001
1209000,117.88446668
1210000,117.88446668
1211000,117.88446668
1212000,118.22643334
1213000,118.22643334
1214000,118.22643334
1215000,118.22643334
1216000,117.51496668
1217000,117.51496668
1218000,117.51496668
1219000,117.51496668
1220000,115.88106668
1221000,115.88106668
1222000,115.88106668
1223000,118.03640002000002
1224000,118.03640002000002
1225000,118.03640002000002
1226000,118.03640002000002
1227000,120.95503334000003
1228000,120.95503334000003
1229000,120.95503334000003
1230000,120.95503334000003
1231000,120.95503334000003
1232000,122.78853334
1233000,122.78853334
1234000,122.78853334
1235000,122.78853334
1236000,120.48419999999999
1237000,120.48419999999999
1238000,120.48419999999999
1239000,120.48419999999999
1240000,122.68006666
1241000,122.68006666
1242000,122.68006666
1243000,122.68006666
1244000,122.68006666
1245000,126.47963331999999
1246000,126.47963331999999
1247000,126.47963331999999
1248000,126.47963331999999
1249000,128.9985
1250000,128.9985
1251000,128.9985
1252000,128.9985
1253000,130.76416666
1254000,130.76416666
1255000,130.76416666
1256000,130.74403334
1257000,130.74403334
1258000,130.74403334
1259000,130.74403334
1260000,142.56766666
1261000,142.56766666
1262000,142.56766666
1263000,142.56766666
1264000,145.2519
1265000,145.2519
1266000,145.2519
1267000,144.13330000000002
1268000,144.13330000000002
1269000,144.13330000000002
1270000,141.78466668
1271000,141.78466668
1272000,141.78466668
1273000,141.78466668
1274000,143.92416667999998
1275000,143.92416667999998
1276000,143.92416667999998
1277000,143.92416667999998
1278000,141.23323334
1279000,141.23323334
1280000,141.23323334
1281000,141.23323334
1282000,141.23323334
1283000,144.37186667999998
1284000,144.37186667999998
1285000,144.37186667999998
1286000,144.37186667999998
1287000,141.85713334
1288000,141.85713334
1289000,141.85713334
1290000,141.85713334
1291000,141.85713334
1292000,132.05489999999998
1293000,132.05489999999998
1294000,132.05489999999998
1295000,132.05489999999998
1296000,138.19303334
1297000,138.19303334
1298000,138.19303334
1299000,129.67150000000004
1300000,129.67150000000004
1301000,129.67150000000004
1302000,129.67150000000004
1303000,132.9166
1304000,132.9166
1305000,132.9166
1306000,132.9166
1307000,122.28236666
1308000,122.28236666
1309000,122.28236666
1310000,122.28236666
1311000,128.54086666
1312000,128.54086666
1313000,128.54086666
1314000,128.54086666
1315000,128.99279998
1316000,128.99279998
1317000,128.99279998
1318000,128.99279998
1319000,126.84033332000001
1320000,126.84033332000001
1321000,126.84033332000001
1322000,126.84033332000001
1323000,126.63126666
1324000,126.63126666
1325000,126.63126666
1326000,126.63126666
1327000,126.38783332000001
1328000,126.38783332000001
1329000,126.38783332000001
1330000,110.51583332
1331000,110.51583332
1332000,110.51583332
1333000,110.51583332
1334000,110.67890000000001
1335000,110.67890000000001
1336000,110.67890000000001
1337000,107.56116665999998
1338000,107.56116665999998
1339000,107.56116665999998
1340000,107.56116665999998
1341000,107.56116665999998
1342000,111.01863332
1343000,111.01863332
1344000,111.01863332
1345000,111.01863332
1346000,109.38293331999999
1347000,109.38293331999999
1348000,109.38293331999999
1349000,109.38293331999999
1350000,105.82096664000001
1351000,105.82096664000001
1352000,105.82096664000001
1353000,105.82096664000001
1354000,105.82096664000001
1355000,105.61336664000001
1356000,105.61336664000001
1357000,105.61336664000001
1358000,105.61336664000001
1359000,105.16736664
1360000,105.16736664
1361000,105.16736664
1362000,105.16736664
1363000,105.16736664
1364000,101.11386664000001
1365000,101.11386664000001
1366000,101.11386664000001
1367000,101.11386664000001
1368000,100.19933332000002
1369000,100.19933332000002
1370000,100.19933332000002
1371000,99.06593332
1372000,99.06593332
1373000,99.06593332
1374000,99.06593332
1375000,95.7529
1376000,95.7529
1377000,95.7529
1378000,95.7529
1379000,95.7529
1380000,95.16266666
1381000,95.16266666
1382000,95.16266666
1383000,95.16266666
1384000,96.74969999999999
1385000,96.74969999999999
1386000,96.74969999999999
1387000,96.74969999999999
1388000,97.75613333999999
1389000,97.75613333999999
1390000,97.75613333999999
1391000,99.94519999999999
1392000,99.94519999999999
1393000,99.94519999999999
1394000,99.94519999999999
1395000,104.06806666
1396000,104.06806666
1397000,104.06806666
1398000,104.06806666
1399000,104.06806666
1400000,100.53183333999999
1401000,100.53183333999999
1402000,100.53183333999999
1403000,100.53183333999999
1404000,102.50813333999999
1405000,102.50813333999999
1406000,102.50813333999999
1407000,102.50813333999999
1408000,105.56669999999998
1409000,105.56669999999998
1410000,105.56669999999998
1411000,105.56669999999998
1412000,109.15836666
1413000,109.15836666
1414000,109.15836666
1415000,109.15836666
1416000,106.892
1417000,106.892
1418000,106.892
1419000,106.892
1420000,104.81043334
1421000,104.81043334
1422000,104.81043334
1423000,104.81043334
1424000,102.30176668
1425000,102.30176668
1426000,102.30176668
1427000,102.30176668
1428000,97.01346668000002
1429000,97.01346668000002
1430000,97.01346668000002
1431000,93.54920002
1432000,93.54920002
1433000,93.54920002
1434000,93.54920002
1435000,97.41560002000001
1436000,97.41560002000001
1437000,97.41560002000001
1438000,97.41560002000001
1439000,93.41063336
1440000,93.41063336
1441000,93.41063336
1442000,89.31823336000001
1443000,89.31823336000001
1444000,89.31823336000001
1445000,89.31823336000001
1446000,89.48216667999999
1447000,89.48216667999999
1448000,89.48216667999999
1449000,89.48216667999999
1450000,89.48216667999999
1451000,84.74416667999999
1452000,84.74416667999999
1453000,84.74416667999999
1454000,84.74416667999999
1455000,81.7237
1456000,81.7237
1457000,81.7237
1458000,81.7237
1459000,85.45886668000001
1460000,85.45886668000001
1461000,85.45886668000001
1462000,84.54800002
1463000,84.54800002
1464000,84.54800002
1465000,84.54800002
1466000,89.42230002000001
1467000,89.42230002000001
1468000,89.42230002000001
1469000,89.42230002000001
1470000,94.48453333999998
1471000,94.48453333999998
1472000,94.48453333999998
1473000,94.48453333999998
1474000,96.09133333999998
1475000,96.09133333999998
1476000,96.09133333999998
1477000,96.09133333999998
1478000,95.02876668
1479000,95.02876668
1480000,95.02876668
1481000,95.02876668
1482000,95.02876668
1483000,97.09469999999999
1484000,97.09469999999999
1485000,97.09469999999999
1486000,100.70846666
1487000,100.70846666
1488000,100.70846666
1489000,109.02819999999998
1490000,109.02819999999998
1491000,109.02819999999998
1492000,109.02819999999998
1493000,107.11669999999998
1494000,107.11669999999998
1495000,107.11669999999998
1496000,107.11669999999998
1497000,116.33553334
1498000,116.33553334
1499000,116.33553334
1500000,116.33553334
1501000,110.26500002
1502000,110.26500002
1503000,110.26500002
1504000,110.26500002
1505000,123.10693335999999
1506000,123.10693335999999
1507000,123.10693335999999
1508000,122.00336668
1509000,122.00336668
1510000,122.00336668
1511000,122.00336668
1512000,120.15023336
1513000,120.15023336
1514000,120.15023336
1515000,120.15023336
1516000,120.15023336
1517000,125.46830001999999
1518000,125.46830001999999
1519000,125.46830001999999
1520000,126.79806667999999
1521000,126.79806667999999
1522000,126.79806667999999
1523000,126.79806667999999
1524000,135.69443334
1525000,135.69443334
1526000,135.69443334
1527000,135.69443334
1528000,150.31106667999998
1529000,150.31106667999998
1530000,150.31106667999998
1531000,150.31106667999998
1532000,151.19726667999998
1533000,151.19726667999998
1534000,151.19726667999998
1535000,156.30990002
1536000,156.30990002
1537000,156.30990002
1538000,156.30990002
1539000,152.25100002
1540000,152.25100002
1541000,152.25100002
1542000,152.25100002
1543000,153.76643334
1544000,153.76643334
1545000,153.76643334
1546000,153.76643334
1547000,156.88463334
1548000,156.88463334
1549000,156.88463334
1550000,160.03016667999998
1551000,160.03016667999998
1552000,160.03016667999998
1553000,160.03016667999998
1554000,159.49880002
1555000,159.49880002
1556000,159.49880002
1557000,159.49880002
1558000,163.68203336
1559000,163.68203336
1560000,163.68203336
1561000,163.68203336
1562000,161.53830002
1563000,161.53830002
1564000,161.53830002
1565000,161.53830002
1566000,161.93316668
1567000,161.93316668
1568000,161.93316668
1569000,161.93316668
1570000,168.19333333999998
1571000,168.19333333999998
1572000,168.19333333999998
1573000,168.19333333999998
1574000,167.09476668000002
1575000,167.09476668000002
1576000,167.09476668000002
1577000,169.47983333999997
1578000,169.47983333999997
1579000,169.47983333999997
1580000,169.47983333999997
1581000,170.1647
1582000,170.1647
1583000,170.1647
1584000,170.1647
1585000,170.1647
1586000,172.32983334
1587000,172.32983334
1588000,172.32983334
1589000,172.32983334
1590000,172.32983334
1591000,172.40683334000002
1592000,172.40683334000002
1593000,172.40683334000002
1594000,178.55996666
1595000,178.55996666
1596000,178.55996666
1597000,178.55996666
1598000,183.75603332000003
1599000,183.75603332000003
1600000,183.75603332000003
1601000,183.75603332000003
1602000,183.7239
1603000,183.7239
1604000,183.7239
1605000,183.5837
1606000,183.5837
1607000,183.5837
1608000,183.5837
1609000,184.23526666
1610000,184.23526666
1611000,184.23526666
1612000,184.23526666
1613000,190.03579998
1614000,190.03579998
1615000,190.03579998
1616000,195.05513329999997
1617000,195.05513329999997
1618000,197.39966664
1619000,197.39966664
1620000,197.39966664
1621000,197.39966664
1622000,197.39966664
1623000,203.63223329999997
1624000,203.63223329999997
1625000,203.63223329999997
1626000,203.63223329999997
1627000,205.57739998
1628000,205.57739998
1629000,205.57739998
1630000,205.57739998
1631000,211.09066664000002
1632000,211.09066664000002
1633000,211.09066664000002
1634000,211.09066664000002
1635000,214.00056664000005
1636000,214.00056664000005
1637000,214.00056664000005
1638000,214.00056664000005
1639000,216.00106663999998
1640000,216.00106663999998
1641000,216.00106663999998
1642000,219.00616664
1643000,219.00616664
1644000,219.00616664
1645000,219.00616664
1646000,223.57463332000003
1647000,223.57463332000003
1648000,223.57463332000003
1649000,223.57463332000003
1650000,222.60199998
1651000,222.60199998
1652000,222.60199998
1653000,222.60199998
1654000,220.1382333
1655000,220.1382333
1656000,220.1382333
1657000,220.1382333
1658000,219.36669996000003
1659000,219.36669996000003
1660000,219.36669996000003
1661000,219.36669996000003
1662000,219.47109996000006
1663000,219.47109996000006
1664000,219.47109996000006
1665000,219.47109996000006
1666000,217.75706662000005
1667000,217.75706662000005
1668000,217.75706662000005
1669000,217.75706662000005
1670000,222.81039994
1671000,222.81039994
1672000,222.81039994
1673000,221.99553328000002
1674000,221.99553328000002
1675000,221.99553328000002
1676000,221.99553328000002
1677000,224.19083328
1678000,224.19083328
1679000,224.19083328
1680000,225.50189994000002
1681000,225.50189994000002
1682000,224.27263328
1683000,224.27263328
1684000,224.27263328
1685000,224.27263328
1686000,223.71026659999998
1687000,223.71026659999998
1688000,223.71026659999998
1689000,223.71026659999998
1690000,221.98623326
1691000,221.98623326
1692000,221.98623326
1693000,221.98623326
1694000,224.75749992000001
1695000,224.75749992000001
1696000,224.75749992000001
1697000,224.75749992000001
1698000,224.75749992000001
1699000,224.20706660000005
1700000,224.20706660000005
1701000,224.20706660000005
1702000,228.37969992
1703000,228.37969992
1704000,228.37969992
1705000,226.02209992
1706000,226.02209992
1707000,226.02209992
1708000,221.33179991999998
1709000,221.33179991999998
1710000,221.33179991999998
1711000,218.2180666
1712000,218.2180666
1713000,218.2180666
1714000,218.2180666
1715000,220.90999993999998
1716000,220.90999993999998
1717000,220.90999993999998
1718000,220.90999993999998
1719000,225.1245666
1720000,225.1245666
1721000,225.1245666
1722000,225.1245666
1723000,224.0718666
1724000,224.0718666
1725000,224.0718666
1726000,224.0718666
1727000,228.79573326
1728000,228.79573326
1729000,228.79573326
1730000,228.79573326
1731000,230.87836660000002
1732000,230.87836660000002
1733000,230.87836660000002
1734000,230.87836660000002
1735000,230.87836660000002
1736000,231.73806660000002
1737000,231.73806660000002
1738000,231.73806660000002
1739000,231.73806660000002
1740000,231.91646660000004
1741000,231.91646660000004
1742000,231.91646660000004
1743000,231.91646660000004
1744000,235.4953666
1745000,235.4953666
1746000,235.4953666
1747000,235.4953666
1748000,236.8691666
1749000,236.8691666
1750000,236.8691666
1751000,236.8691666
1752000,241.21153325999995
1753000,241.21153325999995
1754000,241.21153325999995
1755000,241.21153325999995
1756000,240.18473326
1757000,240.18473326
1758000,240.18473326
1759000,240.18473326
1760000,240.55253326
1761000,240.55253326
1762000,240.55253326
1763000,240.55253326
1764000,240.86256659999998
1765000,240.86256659999998
1766000,240.86256659999998
1767000,243.13119994000002
1768000,243.13119994000002
1769000,243.13119994000002
1770000,243.13119994000002
1771000,244.66419994
1772000,244.66419994
1773000,244.66419994
1774000,244.66419994
1775000,244.66419994
1776000,242.92709993999998
1777000,242.92709993999998
1778000,242.92709993999998
1779000,242.92709993999998
1780000,241.84689993999996
1781000,241.84689993999996
1782000,241.84689993999996
1783000,238.14789994000003
1784000,238.14789994000003
1785000,238.14789994000003
1786000,237.45113328
1787000,237.45113328
1788000,237.45113328
1789000,237.45113328
1790000,237.45113328
1791000,236.82266659999996
1792000,236.82266659999996
1793000,236.82266659999996
1794000,236.82266659999996
1795000,239.86143328000003
1796000,239.86143328000003
1797000,239.86143328000003
1798000,239.86143328000003
1799000,239.86143328000003
1800000,244.14729994
1801000,244.14729994
1802000,244.14729994
1803000,239.24569993999998
1804000,239.24569993999998
1805000,239.24569993999998
1806000,239.24569993999998
1807000,238.07653327999998
1808000,238.07653327999998
1809000,238.07653327999998
1810000,238.89513327999998
1811000,238.89513327999998
1812000,238.89513327999998
1813000,235.32116661999996
1814000,235.32116661999996
1815000,235.32116661999996
1816000,235.32116661999996
1817000,230.29766661999997
1818000,230.29766661999997
1819000,230.29766661999997
1820000,230.29766661999997
1821000,232.92333328000004
1822000,232.92333328000004
1823000,232.92333328000004
1824000,232.92333328000004
1825000,234.18163328000003
1826000,234.18163328000003
1827000,234.18163328000003
1828000,234.18163328000003
1829000,232.87389996
1830000,232.87389996
1831000,232.87389996
1832000,234.1720333
1833000,234.1720333
1834000,234.1720333
1835000,234.1720333
1836000,234.39506662
1837000,234.39506662
1838000,234.39506662
1839000,234.39506662
1840000,235.62319996000002
1841000,235.62319996000002
1842000,235.62319996000002
1843000,235.62319996000002
1844000,235.62319996000002
1845000,233.10219996
1846000,233.10219996
1847000,233.10219996
1848000,233.10219996
1849000,233.07509995999996
1850000,233.07509995999996
1851000,233.07509995999996
1852000,233.07509995999996
1853000,231.81753330000004
1854000,231.81753330000004
1855000,231.81753330000004
1856000,231.6863333
1857000,231.6863333
1858000,231.6863333
1859000,231.6863333
1860000,232.4602333
1861000,232.4602333
1862000,232.4602333
1863000,232.4602333
1864000,235.9573333
1865000,235.9573333
1866000,235.9573333
1867000,235.9573333
1868000,234.85426664
1869000,234.85426664
1870000,234.85426664
1871000,234.85426664
1872000,238.22036663999998
1873000,238.22036663999998
1874000,238.22036663999998
1875000,239.25239996
1876000,239.25239996
1877000,239.25239996
1878000,238.34623330000005
1879000,238.34623330000005
1880000,238.34623330000005
1881000,238.34623330000005
1882000,249.62366664
1883000,249.62366664
1884000,249.62366664
1885000,249.62366664
1886000,247.12446664000004
1887000,247.12446664000004
1888000,247.12446664000004
1889000,247.12446664000004
1890000,248.88453330000002
1891000,248.88453330000002
1892000,248.88453330000002
1893000,248.88453330000002
1894000,248.59426664000003
1895000,248.59426664000003
1896000,248.59426664000003
1897000,250.00439998
1898000,250.00439998
1899000,250.00439998
1900000,250.00439998
1901000,252.15179998000002
1902000,252.15179998000002
1903000,252.15179998000002
1904000,252.15179998000002
1905000,255.65616664
1906000,255.65616664
1907000,255.65616664
1908000,255.65616664
1909000,255.65616664
1910000,257.05306664000005
1911000,257.05306664000005
1912000,257.05306664000005
1913000,257.05306664000005
1914000,252.19569998
1915000,252.19569998
1916000,252.19569998
1917000,252.19569998
1918000,254.35649998000005
1919000,254.35649998000005
1920000,254.35649998000005
1921000,254.35649998000005
1922000,254.35649998000005
1923000,255.09073332
1924000,255.09073332
1925000,255.09073332
1926000,256.68139998
1927000,256.68139998
1928000,256.68139998
1929000,256.68139998
1930000,256.68139998
1931000,253.51049998
1932000,253.51049998
1933000,253.51049998
1934000,248.92113332
1935000,248.92113332
1936000,248.92113332
1937000,248.92113332
1938000,244.88459998
1939000,244.88459998
1940000,244.88459998
1941000,244.51723330000002
1942000,244.51723330000002
1943000,244.51723330000002
1944000,244.51723330000002
1945000,244.51723330000002
1946000,244.51723330000002
1947000,245.27283330000003
1948000,245.27283330000003
1949000,245.27283330000003
1950000,245.27283330000003
1951000,247.69669998000006
1952000,247.69669998000006
1953000,247.69669998000006
1954000,247.69669998000006
1955000,249.72456664
1956000,249.72456664
1957000,249.72456664
1958000,249.72456664
1959000,252.69156664
1960000,252.69156664
1961000,252.69156664
1962000,252.69156664
1963000,253.43666663999997
1964000,253.43666663999997
1965000,253.43666663999997
1966000,251.59666664
1967000,251.59666664
1968000,251.59666664
1969000,252.33656664000003
1970000,252.33656664000003
1971000,252.33656664000003
1972000,252.33656664000003
1973000,252.33656664000003
1974000,253.93876664000004
1975000,253.93876664000004
1976000,253.93876664000004
1977000,253.93876664000004
1978000,253.92859998
1979000,253.92859998
1980000,253.92859998
1981000,253.92859998
1982000,257.1464333
1983000,257.1464333
1984000,257.1464333
1985000,257.1464333
1986000,256.10243330000003
1987000,256.10243330000003
1988000,256.10243330000003
1989000,256.10243330000003
1990000,256.10243330000003
1991000,256.10243330000003
1992000,256.70896662
1993000,256.70896662
1994000,256.70896662
1995000,256.90859996
1996000,256.90859996
1997000,256.90859996
1998000,256.90859996
1999000,259.96199996
2000000,259.96199996
2001000,259.96199996
2002000,259.96199996
2003000,259.85593329999995
2004000,259.85593329999995
2005000,259.85593329999995
2006000,259.85593329999995
2007000,259.85593329999995
2008000,262.50339995999997
2009000,262.50339995999997
2010000,262.50339995999997
2011000,262.50339995999997
2012000,263.41953329999996
2013000,263.41953329999996
2014000,263.41953329999996
2015000,263.41953329999996
2016000,266.22299996
2017000,266.22299996
2018000,266.22299996
2019000,266.22299996
2020000,264.11993329999996
2021000,264.11993329999996
2022000,264.11993329999996
2023000,264.11993329999996
2024000,264.2515333
2025000,264.2515333
2026000,264.2515333
2027000,264.2515333
2028000,264.43749995999997
2029000,264.43749995999997
2030000,264.43749995999997
2031000,264.43749995999997
2032000,265.05669996000006
2033000,265.05669996000006
2034000,265.05669996000006
2035000,265.05669996000006
2036000,264.42639996
2037000,264.42639996
2038000,264.42639996
2039000,264.42639996
2040000,264.42639996
2041000,264.85783328
2042000,264.85783328
2043000,264.85783328
2044000,264.85783328
2045000,272.21453328
2046000,272.21453328
2047000,272.21453328
2048000,272.21453328
2049000,275.79039996
2050000,275.79039996
2051000,275.79039996
2052000,275.79039996
2053000,275.79039996
2054000,272.2933333
2055000,272.2933333
2056000,272.2933333
2057000,272.2933333
2058000,272.53746664
2059000,272.53746664
2060000,272.53746664
2061000,272.53746664
2062000,272.53746664
2063000,275.54399998
2064000,275.54399998
2065000,275.54399998
2066000,275.54399998
2067000,279.53186664000003
2068000,279.53186664000003
2069000,279.53186664000003
2070000,279.53186664000003
2071000,280.37246663999997
2072000,280.37246663999997
2073000,280.37246663999997
2074000,280.37246663999997
2075000,279.50419997999995
2076000,279.50419997999995
2077000,279.50419997999995
2078000,279.50419997999995
2079000,282.54906666
2080000,282.54906666
2081000,282.54906666
2082000,286.52703332
2083000,286.52703332
2084000,286.52703332
2085000,286.52703332
2086000,286.52703332
2087000,285.56766663999997
2088000,285.56766663999997
2089000,285.56766663999997
2090000,285.56766663999997
2091000,285.56766663999997
2092000,286.24269998
2093000,286.24269998
2094000,286.24269998
2095000,285.80579997999996
2096000,285.80579997999996
2097000,285.80579997999996
2098000,285.80579997999996
2099000,286.12583332
2100000,286.12583332
2101000,286.12583332
2102000,286.12583332
2103000,288.43026664000007
2104000,288.43026664000007
2105000,288.43026664000007
2106000,288.43026664000007
2107000,289.57799998
2108000,289.57799998
2109000,289.57799998
2110000,289.57799998
2111000,290.70829998000005
2112000,290.70829998000005
2113000,290.70829998000005
2114000,290.70829998000005
2115000,289.79286664
2116000,289.79286664
2117000,289.79286664
2118000,289.79286664
2119000,289.79286664
2120000,293.29556664000006
2121000,293.29556664000006
2122000,293.29556664000006
2123000,289.09346664000003
2124000,289.09346664000003
2125000,289.09346664000003
2126000,289.09346664000003
2127000,289.09346664000003
2128000,287.86316664000003
2129000,287.86316664000003
2130000,287.86316664000003
2131000,287.86316664000003
2132000,289.28616664
2133000,289.28616664
2134000,289.28616664
2135000,286.48663332
2136000,286.48663332
2137000,286.48663332
2138000,286.48663332
2139000,288.89223332
2140000,288.89223332
2141000,288.89223332
2142000,288.89223332
2143000,291.76763332
2144000,291.76763332
2145000,291.76763332
2146000,291.76763332
2147000,292.89776666
2148000,292.89776666
2149000,292.89776666
2150000,292.89776666
2151000,292.9463
2152000,292.9463
2153000,292.9463
2154000,292.9463
2155000,293.70713331999997
2156000,293.70713331999997
2157000,293.70713331999997
2158000,293.70713331999997
2159000,294.32643332
2160000,294.32643332
2161000,294.32643332
2162000,294.32643332
2163000,294.80376664
2164000,294.80376664
2165000,294.80376664
2166000,294.80376664
2167000,292.08296664
2168000,292.08296664
2169000,292.08296664
2170000,292.08296664
2171000,292.08296664
2172000,292.08296664
2173000,296.48609998000006
2174000,296.48609998000006
2175000,296.48609998000006
2176000,296.48609998000006
2177000,299.57683330000003
2178000,299.57683330000003
2179000,299.57683330000003
2180000,299.57683330000003
2181000,299.2267333
2182000,299.2267333
2183000,299.2267333
2184000,299.2267333
2185000,296.66976664
2186000,296.66976664
2187000,296.66976664
2188000,296.66976664
2189000,296.66976664
2190000,296.71366664
2191000,296.71366664
2192000,296.71366664
2193000,296.71366664
2194000,301.98186664
2195000,301.98186664
2196000,301.98186664
2197000,301.98186664
2198000,298.59043332
2199000,298.59043332
2200000,298.59043332
2201000,298.59043332
2202000,299.08733331999997
2203000,299.08733331999997
2204000,299.08733331999997
2205000,299.08733331999997
2206000,299.47413332
2207000,299.47413332
2208000,299.47413332
2209000,299.47413332
2210000,299.47413332
2211000,302.49526664
2212000,302.49526664
2213000,302.49526664
2214000,302.49526664
2215000,303.61846664000007
2216000,303.61846664000007
2217000,303.61846664000007
2218000,303.61846664000007
2219000,303.61846664000007
2220000,307.32409996
2221000,307.32409996
2222000,307.32409996
2223000,307.32409996
2224000,306.48406662
2225000,306.48406662
2226000,306.48406662
2227000,306.48406662
2228000,305.39126662
2229000,305.39126662
2230000,305.39126662
2231000,305.39126662
2232000,306.34269996
2233000,306.34269996
2234000,306.34269996
2235000,306.34269996
2236000,306.34269996
2237000,308.40226662
2238000,308.40226662
2239000,308.40226662
2240000,308.40226662
2241000,308.40226662
2242000,307.10643328000003
2243000,307.10643328000003
2244000,307.10643328000003
2245000,307.10643328000003
2246000,307.10643328000003
2247000,308.73933328
2248000,308.73933328
2249000,308.73933328
2250000,307.32956662
2251000,307.32956662
2252000,307.32956662
2253000,307.32956662
2254000,305.36846661999994
2255000,305.36846661999994
2256000,305.36846661999994
2257000,305.36846661999994
2258000,305.36846661999994
2259000,306.62553328
2260000,306.62553328
2261000,306.62553328
2262000,307.60993328000006
2263000,307.60993328000006
2264000,307.60993328000006
2265000,307.60993328000006
2266000,306.67263328
2267000,306.67263328
2268000,306.67263328
2269000,306.67263328
2270000,304.26759994
2271000,304.26759994
2272000,304.26759994
2273000,304.26759994
2274000,304.26759994
2275000,302.13729994
2276000,302.13729994
2277000,302.13729994
2278000,302.13729994
2279000,302.1905666
2280000,302.1905666
2281000,302.1905666
2282000,302.1905666
2283000,302.1905666
2284000,303.40429992
2285000,303.40429992
2286000,303.40429992
2287000,303.40429992
2288000,304.45249992000004
2289000,304.45249992000004
2290000,304.45249992000004
2291000,304.45249992000004
2292000,304.45249992000004
2293000,302.80883326
2294000,302.80883326
2295000,302.80883326
2296000,298.74193326
2297000,298.74193326
2298000,298.74193326
2299000,298.74193326
2300000,298.74193326
2301000,301.64529992
2302000,301.64529992
2303000,301.64529992
2304000,301.64529992
2305000,301.64529992
2306000,303.83126658000003
2307000,303.83126658000003
2308000,303.83126658000003
2309000,303.88333324
2310000,303.88333324
2311000,303.88333324
2312000,303.88333324
2313000,303.88333324
2314000,301.71333324
2315000,301.71333324
2316000,301.71333324
2317000,301.71333324
2318000,302.11266658
2319000,302.11266658
2320000,302.11266658
2321000,299.45139992000003
2322000,299.45139992000003
2323000,299.45139992000003
2324000,299.45139992000003
2325000,298.61826658
2326000,298.61826658
2327000,298.61826658
2328000,298.61826658
2329000,300.5978999
2330000,300.5978999
2331000,300.5978999
2332000,300.5978999
2333000,300.5978999
2334000,305.5104999
2335000,305.5104999
2336000,305.5104999
2337000,305.5104999
2338000,306.69893324000003
2339000,306.69893324000003
2340000,306.69893324000003
2341000,306.69893324000003
2342000,304.91816658
2343000,304.91816658
2344000,304.91816658
2345000,304.91816658
2346000,304.91816658
2347000,313.98703324
2348000,313.98703324
2349000,313.98703324
2350000,317.07783324
2351000,317.07783324
2352000,317.07783324
2353000,317.07783324
2354000,315.85646658
2355000,315.85646658
2356000,315.85646658
2357000,315.85646658
2358000,315.85646658
2359000,315.85646658
2360000,320.61359992
2361000,320.61359992
2362000,320.61359992
2363000,320.61359992
2364000,322.08733326000004
2365000,322.08733326000004
2366000,322.08733326000004
2367000,322.08733326000004
2368000,322.08733326000004
2369000,324.5261666
2370000,324.5261666
2371000,324.5261666
2372000,323.28486660000004
2373000,323.28486660000004
2374000,323.28486660000004
2375000,323.28486660000004
2376000,322.22356659999997
2377000,322.22356659999997
2378000,322.22356659999997
2379000,322.22356659999997
2380000,322.22356659999997
2381000,326.7868666
2382000,326.7868666
2383000,326.7868666
2384000,326.7868666
2385000,323.17253325999997
2386000,323.17253325999997
2387000,323.17253325999997
2388000,323.17253325999997
2389000,319.53306660000004
2390000,319.53306660000004
2391000,319.53306660000004
2392000,319.60923327999996
2393000,319.60923327999996
2394000,319.60923327999996
2395000,319.60923327999996
2396000,319.60923327999996
2397000,325.17779993999994
2398000,325.17779993999994
2399000,325.17779993999994
2400000,325.17779993999994
2401000,325.05316662
2402000,325.05316662
2403000,325.05316662
2404000,325.05316662
2405000,322.91349996
2406000,322.91349996
2407000,322.91349996
2408000,322.91349996
2409000,322.91349996
2410000,324.83973328
2411000,324.83973328
2412000,324.83973328
2413000,324.83973328
2414000,324.83973328
2415000,325.57543328
2416000,325.57543328
2417000,325.57543328
2418000,325.57543328
2419000,328.00843327999996
2420000,328.00843327999996
2421000,328.00843327999996
2422000,328.00843327999996
2423000,328.00843327999996
2424000,328.93979996
2425000,328.93979996
2426000,328.93979996
2427000,328.93979996
2428000,327.66876664
2429000,327.66876664
2430000,327.66876664
2431000,327.66876664
2432000,322.73263332000005
2433000,322.73263332000005
2434000,322.73263332000005
2435000,322.73263332000005
2436000,324.66436666000004
2437000,324.66436666000004
2438000,324.66436666000004
2439000,323.6801
2440000,323.6801
2441000,323.6801
2442000,323.6801
2443000,321.17613332
2444000,321.17613332
2445000,321.17613332
2446000,321.17613332
2447000,318.33186666
2448000,318.33186666
2449000,318.33186666
2450000,318.33186666
2451000,318.56556666
2452000,318.56556666
2453000,318.56556666
2454000,318.56556666
2455000,318.56556666
2456000,318.56556666
2457000,320.4513
2458000,320.4513
2459000,320.4513
2460000,320.4513
2461000,320.4513
2462000,323.1401
2463000,323.1401
2464000,323.1401
2465000,321.46513334
2466000,321.46513334
2467000,321.46513334
2468000,321.46513334
2469000,321.46513334
2470000,314.40716668
2471000,314.40716668
2472000,314.40716668
2473000,314.40716668
2474000,318.02583333999996
2475000,318.02583333999996
2476000,318.02583333999996
2477000,318.02583333999996
2478000,318.02583333999996
2479000,322.78103334
2480000,322.78103334
2481000,322.78103334
2482000,322.78103334
2483000,322.32283334
2484000,322.32283334
2485000,322.32283334
2486000,322.32283334
2487000,321.60953334
2488000,321.60953334
2489000,321.60953334
2490000,321.60953334
2491000,321.60953334
2492000,323.31973333999997
2493000,323.31973333999997
2494000,323.31973333999997
2495000,323.31973333999997
2496000,323.31973333999997
2497000,324.48163334000003
2498000,324.48163334000003
2499000,324.48163334000003
2500000,324.48163334000003
